year,date,stage,home_team,away_team,home_goals,away_goals,winner,match_id,result,home_elo,away_elo,elo_diff
1974,1974-06-10,Quarter-finals,Scotland,England,0,0,Draw,1,0,1674.8924150215541,1892.7262485161677,-217.8338334946136
1974,1974-06-10,Quarter-finals,England,Scotland,2,0,Ghana,2,1,1892.7262485161677,1674.8924150215541,217.8338334946136
1974,1974-06-10,Group Stage,Scotland,England,2,0,Sweden,3,1,1674.8924150215541,1892.7262485161677,-217.8338334946136
1974,1974-06-10,Group Stage,England,Scotland,2,1,Cameroon,4,1,1892.7262485161677,1674.8924150215541,217.8338334946136
1974,1974-06-10,Group Stage,Scotland,England,2,1,Nigeria,5,1,1674.8924150215541,1892.7262485161677,-217.8338334946136
1974,1974-06-10,Group Stage,Scotland,Wales,2,0,Saudi Arabia,6,1,1674.8924150215541,1687.5591280700464,-12.666713048492284
1974,1974-06-11,Group Stage,England,Scotland,1,2,Cameroon,7,-1,1892.7262485161677,1674.8924150215541,217.8338334946136
1974,1974-06-11,Group Stage,Wales,Scotland,1,2,Argentina,8,-1,1687.5591280700464,1674.8924150215541,12.666713048492284
1974,1974-06-11,Group Stage,Scotland,England,2,1,Cameroon,9,1,1674.8924150215541,1892.7262485161677,-217.8338334946136
1974,1974-06-12,Round of 16,Scotland,Wales,0,0,Draw,10,0,1674.8924150215541,1687.5591280700464,-12.666713048492284
1974,1974-06-12,Group Stage,England,Wales,1,2,Egypt,11,-1,1892.7262485161677,1687.5591280700464,205.16712044612132
1974,1974-06-12,Group Stage,England,Scotland,1,1,Draw,12,0,1892.7262485161677,1674.8924150215541,217.8338334946136
1974,1974-06-12,Round of 16,Wales,Scotland,1,0,Denmark,13,1,1687.5591280700464,1674.8924150215541,12.666713048492284
1974,1974-06-13,Group Stage,Scotland,England,0,2,Switzerland,14,-1,1674.8924150215541,1892.7262485161677,-217.8338334946136
1974,1974-06-14,Group Stage,Wales,England,2,2,Draw,15,0,1687.5591280700464,1892.7262485161677,-205.16712044612132
1974,1974-06-14,Group Stage,Scotland,Wales,1,1,Draw,16,0,1674.8924150215541,1687.5591280700464,-12.666713048492284
1974,1974-06-14,Group Stage,England,Wales,2,2,Draw,17,0,1892.7262485161677,1687.5591280700464,205.16712044612132
1974,1974-06-14,Group Stage,England,Scotland,0,2,Ghana,18,-1,1892.7262485161677,1674.8924150215541,217.8338334946136
1974,1974-06-14,Group Stage,Wales,Scotland,2,1,Croatia,19,1,1687.5591280700464,1674.8924150215541,12.666713048492284
1974,1974-06-15,Group Stage,Northern Ireland,England,2,2,Draw,20,0,1539.345659524664,1892.7262485161677,-353.3805889915038
1974,1974-06-15,Group Stage,Wales,Northern Ireland,2,0,Australia,21,1,1687.5591280700464,1539.345659524664,148.2134685453825
1974,1974-06-15,Semi-finals,Scotland,England,1,0,France,22,1,1674.8924150215541,1892.7262485161677,-217.8338334946136
1974,1974-06-15,Group Stage,Wales,England,1,0,France,23,1,1687.5591280700464,1892.7262485161677,-205.16712044612132
1974,1974-06-15,Group Stage,Scotland,Wales,2,0,South Korea,24,1,1674.8924150215541,1687.5591280700464,-12.666713048492284
1974,1974-06-15,Group Stage,England,Wales,1,1,Draw,25,0,1892.7262485161677,1687.5591280700464,205.16712044612132
1974,1974-06-15,Group Stage,England,Northern Ireland,2,1,Morocco,26,1,1892.7262485161677,1539.345659524664,353.3805889915038
1974,1974-06-15,Round of 16,England,Scotland,1,0,Ghana,27,1,1892.7262485161677,1674.8924150215541,217.8338334946136
1974,1974-06-16,Group Stage,Wales,Scotland,2,1,Mexico,28,1,1687.5591280700464,1674.8924150215541,12.666713048492284
1974,1974-06-16,Group Stage,Northern Ireland,Wales,3,1,Nigeria,29,1,1539.345659524664,1687.5591280700464,-148.2134685453825
1974,1974-06-16,Group Stage,Northern Ireland,Scotland,1,0,Japan,30,1,1539.345659524664,1674.8924150215541,-135.54675549689023
1974,1974-06-17,Group Stage,Wales,Northern Ireland,1,1,Draw,31,0,1687.5591280700464,1539.345659524664,148.2134685453825
1974,1974-06-17,Group Stage,Northern Ireland,England,0,1,Argentina,32,-1,1539.345659524664,1892.7262485161677,-353.3805889915038
1974,1974-06-17,Group Stage,Scotland,England,0,1,Mexico,33,-1,1674.8924150215541,1892.7262485161677,-217.8338334946136
1974,1974-06-17,Round of 16,Wales,England,0,0,Draw,34,0,1687.5591280700464,1892.7262485161677,-205.16712044612132
1974,1974-06-17,Group Stage,Scotland,Wales,1,1,Draw,35,0,1674.8924150215541,1687.5591280700464,-12.666713048492284
1974,1974-06-18,Group Stage,England,Northern Ireland,1,0,Switzerland,36,1,1892.7262485161677,1539.345659524664,353.3805889915038
1974,1974-06-18,Group Stage,England,Wales,1,0,Netherlands,37,1,1892.7262485161677,1687.5591280700464,205.16712044612132
1974,1974-06-18,Group Stage,Scotland,Northern Ireland,1,1,Draw,38,0,1674.8924150215541,1539.345659524664,135.54675549689023
1974,1974-06-18,Group Stage,England,Scotland,1,0,Iran,39,1,1892.7262485161677,1674.8924150215541,217.8338334946136
1974,1974-06-20,Semi-finals,Wales,Scotland,1,0,Algeria,40,1,1687.5591280700464,1674.8924150215541,12.666713048492284
1974,1974-06-20,Group Stage,Northern Ireland,Wales,2,1,Spain,41,1,1539.345659524664,1687.5591280700464,-148.2134685453825
1974,1974-06-20,Group Stage,United States,Canada,2,1,Argentina,42,1,1775.0752254478318,1700.0614843959368,75.01374105189507
1974,1974-06-21,Group Stage,Wales,Northern Ireland,0,1,Switzerland,43,-1,1687.5591280700464,1539.345659524664,148.2134685453825
1974,1974-06-21,Group Stage,Northern Ireland,England,2,0,Switzerland,44,1,1539.345659524664,1892.7262485161677,-353.3805889915038
1974,1974-06-21,Round of 16,Northern Ireland,Scotland,1,1,Draw,45,0,1539.345659524664,1674.8924150215541,-135.54675549689023
1974,1974-06-22,Group Stage,Scotland,England,3,2,Iran,46,1,1674.8924150215541,1892.7262485161677,-217.8338334946136
1974,1974-06-22,Final,Wales,England,2,1,Portugal,47,1,1687.5591280700464,1892.7262485161677,-205.16712044612132
1974,1974-06-22,Third Place,Scotland,Wales,1,2,Nigeria,48,-1,1674.8924150215541,1687.5591280700464,-12.666713048492284
1974,1974-06-23,Quarter-finals,United States,Canada,1,0,Senegal,49,1,1775.0752254478318,1700.0614843959368,75.01374105189507
1974,1974-06-23,Group Stage,England,Northern Ireland,1,0,Brazil,50,1,1892.7262485161677,1539.345659524664,353.3805889915038
1974,1974-06-23,Group Stage,Scotland,Northern Ireland,0,1,Iran,51,-1,1674.8924150215541,1539.345659524664,135.54675549689023
1974,1974-06-23,Group Stage,England,Wales,1,1,Draw,52,0,1892.7262485161677,1687.5591280700464,205.16712044612132
1974,1974-06-24,Group Stage,Northern Ireland,Wales,1,0,Cameroon,53,1,1539.345659524664,1687.5591280700464,-148.2134685453825
1974,1974-06-24,Group Stage,England,Scotland,0,0,Draw,54,0,1892.7262485161677,1674.8924150215541,217.8338334946136
1974,1974-06-24,Round of 16,Wales,Scotland,0,0,Draw,55,0,1687.5591280700464,1674.8924150215541,12.666713048492284
1974,1974-06-24,Group Stage,England,Wales,0,2,Iran,56,-1,1892.7262485161677,1687.5591280700464,205.16712044612132
1974,1974-06-25,Round of 16,Wales,Northern Ireland,2,0,Germany,57,1,1687.5591280700464,1539.345659524664,148.2134685453825
1974,1974-06-25,Group Stage,Scotland,Wales,2,1,Tunisia,58,1,1674.8924150215541,1687.5591280700464,-12.666713048492284
1974,1974-06-25,Group Stage,Scotland,England,1,2,Denmark,59,-1,1674.8924150215541,1892.7262485161677,-217.8338334946136
1974,1974-06-25,Group Stage,Northern Ireland,Scotland,2,3,Algeria,60,-1,1539.345659524664,1674.8924150215541,-135.54675549689023
1974,1974-06-25,Group Stage,Northern Ireland,England,2,1,Croatia,61,1,1539.345659524664,1892.7262485161677,-353.3805889915038
1974,1974-06-26,Quarter-finals,Scotland,Canada,2,2,Draw,62,0,1674.8924150215541,1700.0614843959368,-25.169069374382616
1974,1974-06-26,Round of 16,England,Wales,1,2,Portugal,63,-1,1892.7262485161677,1687.5591280700464,205.16712044612132
1974,1974-06-26,Group Stage,England,Northern Ireland,2,1,USA,64,1,1892.7262485161677,1539.345659524664,353.3805889915038
1978,1978-06-10,Group Stage,Scotland,Northern Ireland,0,1,Portugal,65,-1,1674.8924150215541,1539.345659524664,135.54675549689023
1978,1978-06-11,Group Stage,England,Scotland,0,3,Iran,66,-1,1892.7262485161677,1674.8924150215541,217.8338334946136
1978,1978-06-12,Round of 16,Wales,Scotland,1,1,Draw,67,0,1687.5591280700464,1674.8924150215541,12.666713048492284
1978,1978-06-12,Group Stage,Northern Ireland,Wales,0,1,Poland,68,-1,1539.345659524664,1687.5591280700464,-148.2134685453825
1978,1978-06-12,Group Stage,Wales,Northern Ireland,1,0,Italy,69,1,1687.5591280700464,1539.345659524664,148.2134685453825
1978,1978-06-12,Round of 16,Northern Ireland,England,0,0,Draw,70,0,1539.345659524664,1892.7262485161677,-353.3805889915038
1978,1978-06-12,Group Stage,Wales,England,1,0,Netherlands,71,1,1687.5591280700464,1892.7262485161677,-205.16712044612132
1978,1978-06-12,Group Stage,Scotland,Wales,0,2,Saudi Arabia,72,-1,1674.8924150215541,1687.5591280700464,-12.666713048492284
1978,1978-06-12,Group Stage,Northern Ireland,Scotland,2,3,Netherlands,73,-1,1539.345659524664,1674.8924150215541,-135.54675549689023
1978,1978-06-13,Round of 16,Scotland,England,1,0,Poland,74,1,1674.8924150215541,1892.7262485161677,-217.8338334946136
1978,1978-06-13,Group Stage,Northern Ireland,Wales,2,2,Draw,75,0,1539.345659524664,1687.5591280700464,-148.2134685453825
1978,1978-06-13,Group Stage,England,Wales,3,3,Draw,76,0,1892.7262485161677,1687.5591280700464,205.16712044612132
1978,1978-06-13,Group Stage,England,Northern Ireland,1,1,Draw,77,0,1892.7262485161677,1539.345659524664,353.3805889915038
1978,1978-06-13,Group Stage,Wales,Scotland,2,0,Japan,78,1,1687.5591280700464,1674.8924150215541,12.666713048492284
1978,1978-06-13,Group Stage,Scotland,Northern Ireland,1,1,Draw,79,0,1674.8924150215541,1539.345659524664,135.54675549689023
1978,1978-06-13,Group Stage,England,Scotland,1,3,Morocco,80,-1,1892.7262485161677,1674.8924150215541,217.8338334946136
1978,1978-06-13,Final,Wales,Northern Ireland,1,0,Italy,81,1,1687.5591280700464,1539.345659524664,148.2134685453825
1978,1978-06-13,Group Stage,Northern Ireland,England,1,1,Draw,82,0,1539.345659524664,1892.7262485161677,-353.3805889915038
1978,1978-06-14,Group Stage,Wales,England,1,1,Draw,83,0,1687.5591280700464,1892.7262485161677,-205.16712044612132
1978,1978-06-14,Group Stage,Northern Ireland,Scotland,1,0,Brazil,84,1,1539.345659524664,1674.8924150215541,-135.54675549689023
1978,1978-06-15,Group Stage,Scotland,Wales,1,3,Germany,85,-1,1674.8924150215541,1687.5591280700464,-12.666713048492284
1978,1978-06-15,Quarter-finals,Scotland,England,1,1,Draw,86,0,1674.8924150215541,1892.7262485161677,-217.8338334946136
1978,1978-06-16,Group Stage,England,Northern Ireland,1,2,Japan,87,-1,1892.7262485161677,1539.345659524664,353.3805889915038
1978,1978-06-16,Group Stage,England,Wales,1,1,Draw,88,0,1892.7262485161677,1687.5591280700464,205.16712044612132
1978,1978-06-16,Group Stage,Wales,Scotland,2,0,England,89,1,1687.5591280700464,1674.8924150215541,12.666713048492284
1978,1978-06-17,Round of 16,Scotland,Northern Ireland,1,1,Draw,90,0,1674.8924150215541,1539.345659524664,135.54675549689023
1978,1978-06-17,Group Stage,England,Scotland,2,2,Draw,91,0,1892.7262485161677,1674.8924150215541,217.8338334946136
1978,1978-06-17,Group Stage,Wales,Northern Ireland,0,1,South Korea,92,-1,1687.5591280700464,1539.345659524664,148.2134685453825
1978,1978-06-20,Group Stage,Northern Ireland,England,0,1,Cameroon,93,-1,1539.345659524664,1892.7262485161677,-353.3805889915038
1978,1978-06-20,Round of 16,Wales,England,1,1,Draw,94,0,1687.5591280700464,1892.7262485161677,-205.16712044612132
1978,1978-06-20,Quarter-finals,Scotland,Wales,0,1,Japan,95,-1,1674.8924150215541,1687.5591280700464,-12.666713048492284
1978,1978-06-20,Group Stage,Northern Ireland,Scotland,1,2,Saudi Arabia,96,-1,1539.345659524664,1674.8924150215541,-135.54675549689023
1978,1978-06-20,Group Stage,Scotland,England,2,0,Egypt,97,1,1674.8924150215541,1892.7262485161677,-217.8338334946136
1978,1978-06-21,Group Stage,England,Northern Ireland,3,1,Switzerland,98,1,1892.7262485161677,1539.345659524664,353.3805889915038
1978,1978-06-21,Group Stage,Northern Ireland,Wales,0,1,Sweden,99,-1,1539.345659524664,1687.5591280700464,-148.2134685453825
1978,1978-06-21,Group Stage,England,Wales,1,0,Cameroon,100,1,1892.7262485161677,1687.5591280700464,205.16712044612132
1978,1978-06-22,Group Stage,Wales,Scotland,2,1,Saudi Arabia,101,1,1687.5591280700464,1674.8924150215541,12.666713048492284
1978,1978-06-22,Group Stage,Scotland,Northern Ireland,1,2,Belgium,102,-1,1674.8924150215541,1539.345659524664,135.54675549689023
1978,1978-06-22,Third Place,England,Scotland,1,1,Draw,103,0,1892.7262485161677,1674.8924150215541,217.8338334946136
1978,1978-06-22,Group Stage,Wales,Northern Ireland,0,0,Draw,104,0,1687.5591280700464,1539.345659524664,148.2134685453825
1978,1978-06-23,Quarter-finals,Northern Ireland,England,1,1,Draw,105,0,1539.345659524664,1892.7262485161677,-353.3805889915038
1978,1978-06-23,Group Stage,Wales,England,1,2,Iran,106,-1,1687.5591280700464,1892.7262485161677,-205.16712044612132
1978,1978-06-23,Group Stage,Scotland,Wales,1,1,Draw,107,0,1674.8924150215541,1687.5591280700464,-12.666713048492284
1978,1978-06-23,Group Stage,Northern Ireland,Scotland,1,1,Draw,108,0,1539.345659524664,1674.8924150215541,-135.54675549689023
1978,1978-06-23,Group Stage,Scotland,England,0,0,Draw,109,0,1674.8924150215541,1892.7262485161677,-217.8338334946136
1978,1978-06-23,Group Stage,England,Northern Ireland,0,1,Mexico,110,-1,1892.7262485161677,1539.345659524664,353.3805889915038
1978,1978-06-23,Group Stage,Northern Ireland,Wales,1,2,Italy,111,-1,1539.345659524664,1687.5591280700464,-148.2134685453825
1978,1978-06-23,Group Stage,Wales,Scotland,2,1,Morocco,112,1,1687.5591280700464,1674.8924150215541,12.666713048492284
1978,1978-06-24,Semi-finals,Scotland,Northern Ireland,0,1,Switzerland,113,-1,1674.8924150215541,1539.345659524664,135.54675549689023
1978,1978-06-24,Group Stage,England,Wales,0,3,Algeria,114,-1,1892.7262485161677,1687.5591280700464,205.16712044612132
1978,1978-06-24,Group Stage,England,Scotland,1,1,Draw,115,0,1892.7262485161677,1674.8924150215541,217.8338334946136
1978,1978-06-24,Group Stage,Wales,Northern Ireland,3,1,Iran,116,1,1687.5591280700464,1539.345659524664,148.2134685453825
1978,1978-06-24,Round of 16,Northern Ireland,England,1,1,Draw,117,0,1539.345659524664,1892.7262485161677,-353.3805889915038
1978,1978-06-25,Quarter-finals,Scotland,Wales,1,1,Draw,118,0,1674.8924150215541,1687.5591280700464,-12.666713048492284
1978,1978-06-25,Group Stage,Northern Ireland,Scotland,1,1,Draw,119,0,1539.345659524664,1674.8924150215541,-135.54675549689023
1978,1978-06-25,Round of 16,Wales,England,0,1,Morocco,120,-1,1687.5591280700464,1892.7262485161677,-205.16712044612132
1978,1978-06-25,Group Stage,Scotland,England,1,3,France,121,-1,1674.8924150215541,1892.7262485161677,-217.8338334946136
1978,1978-06-25,Round of 16,England,Northern Ireland,2,2,Draw,122,0,1892.7262485161677,1539.345659524664,353.3805889915038
1978,1978-06-26,Group Stage,Northern Ireland,Wales,2,2,Draw,123,0,1539.345659524664,1687.5591280700464,-148.2134685453825
1978,1978-06-26,Group Stage,Wales,Scotland,1,0,Denmark,124,1,1687.5591280700464,1674.8924150215541,12.666713048492284
1978,1978-06-26,Semi-finals,England,Wales,1,1,Draw,125,0,1892.7262485161677,1687.5591280700464,205.16712044612132
1978,1978-06-27,Group Stage,Scotland,Northern Ireland,1,2,Australia,126,-1,1674.8924150215541,1539.345659524664,135.54675549689023
1978,1978-06-27,Group Stage,England,Scotland,1,3,Ghana,127,-1,1892.7262485161677,1674.8924150215541,217.8338334946136
1978,1978-06-27,Group Stage,Scotland,Wales,0,2,Senegal,128,-1,1674.8924150215541,1687.5591280700464,-12.666713048492284
1982,1982-06-10,Round of 16,Wales,Northern Ireland,0,1,Nigeria,129,-1,1687.5591280700464,1539.345659524664,148.2134685453825
1982,1982-06-10,Group Stage,Northern Ireland,Scotland,1,0,France,130,1,1539.345659524664,1674.8924150215541,-135.54675549689023
1982,1982-06-11,Group Stage,Northern Ireland,England,2,1,Mexico,131,1,1539.345659524664,1892.7262485161677,-353.3805889915038
1982,1982-06-11,Semi-finals,Wales,England,1,1,Draw,132,0,1687.5591280700464,1892.7262485161677,-205.16712044612132
1982,1982-06-11,Group Stage,Scotland,England,0,3,England,133,-1,1674.8924150215541,1892.7262485161677,-217.8338334946136
1982,1982-06-11,Group Stage,Scotland,Northern Ireland,0,1,Mexico,134,-1,1674.8924150215541,1539.345659524664,135.54675549689023
1982,1982-06-12,Group Stage,Wales,Scotland,2,2,Draw,135,0,1687.5591280700464,1674.8924150215541,12.666713048492284
1982,1982-06-12,Group Stage,England,Northern Ireland,0,2,Japan,136,-1,1892.7262485161677,1539.345659524664,353.3805889915038
1982,1982-06-12,Quarter-finals,England,Wales,0,0,Draw,137,0,1892.7262485161677,1687.5591280700464,205.16712044612132
1982,1982-06-12,Group Stage,Northern Ireland,Wales,2,1,Iran,138,1,1539.345659524664,1687.5591280700464,-148.2134685453825
1982,1982-06-12,Group Stage,England,Scotland,1,1,Draw,139,0,1892.7262485161677,1674.8924150215541,217.8338334946136
1982,1982-06-12,Group Stage,Wales,Northern Ireland,1,2,Portugal,140,-1,1687.5591280700464,1539.345659524664,148.2134685453825
1982,1982-06-12,Group Stage,Northern Ireland,Scotland,0,0,Draw,141,0,1539.345659524664,1674.8924150215541,-135.54675549689023
1982,1982-06-13,Group Stage,Wales,England,1,0,Costa Rica,142,1,1687.5591280700464,1892.7262485161677,-205.16712044612132
1982,1982-06-13,Group Stage,Scotland,Wales,1,0,Uruguay,143,1,1674.8924150215541,1687.5591280700464,-12.666713048492284
1982,1982-06-13,Group Stage,Northern Ireland,England,3,1,Denmark,144,1,1539.345659524664,1892.7262485161677,-353.3805889915038
1982,1982-06-13,Group Stage,England,Scotland,3,3,Draw,145,0,1892.7262485161677,1674.8924150215541,217.8338334946136
1982,1982-06-14,Group Stage,Uruguay,Argentina,3,0,Uruguay,146,1,1852.9983919076524,2003.862032203178,-150.86364029552556
1982,1982-06-14,Group Stage,Austria,Hungary,2,1,Morocco,147,1,1771.1285598996242,1725.0490837553386,46.079476144285536
1982,1982-06-14,Group Stage,England,Northern Ireland,3,1,Saudi Arabia,148,1,1892.7262485161677,1539.345659524664,353.3805889915038
1982,1982-06-14,Third Place,England,Wales,1,0,Croatia,149,1,1892.7262485161677,1687.5591280700464,205.16712044612132
1982,1982-06-15,Group Stage,Wales,Scotland,2,2,Draw,150,0,1687.5591280700464,1674.8924150215541,12.666713048492284
1982,1982-06-15,Group Stage,Scotland,Northern Ireland,1,0,Argentina,151,1,1674.8924150215541,1539.345659524664,135.54675549689023
1982,1982-06-15,Group Stage,Northern Ireland,Wales,1,2,Egypt,152,-1,1539.345659524664,1687.5591280700464,-148.2134685453825
1982,1982-06-15,Group Stage,England,Scotland,3,1,Spain,153,1,1892.7262485161677,1674.8924150215541,217.8338334946136
1982,1982-06-15,Semi-finals,Hungary,Czechoslovakia,2,0,Morocco,154,1,1725.0490837553386,1664.11040044332,60.93868331201861
1982,1982-06-15,Group Stage,Hungary,Austria,1,3,Poland,155,-1,1725.0490837553386,1771.1285598996242,-46.079476144285536
1982,1982-06-17,Round of 16,Argentina,Uruguay,0,0,Draw,156,0,2003.862032203178,1852.9983919076524,150.86364029552556
1982,1982-06-17,Group Stage,Austria,Hungary,1,1,Draw,157,0,1771.1285598996242,1725.0490837553386,46.079476144285536
1982,1982-06-17,Group Stage,Wales,England,0,2,Netherlands,158,-1,1687.5591280700464,1892.7262485161677,-205.16712044612132
1982,1982-06-17,Group Stage,Northern Ireland,England,1,3,Argentina,159,-1,1539.345659524664,1892.7262485161677,-353.3805889915038
1982,1982-06-18,Group Stage,Scotland,Wales,0,0,Draw,160,0,1674.8924150215541,1687.5591280700464,-12.666713048492284
1982,1982-06-18,Group Stage,Wales,Northern Ireland,0,1,Netherlands,161,-1,1687.5591280700464,1539.345659524664,148.2134685453825
1982,1982-06-18,Group Stage,Northern Ireland,Scotland,0,0,Draw,162,0,1539.345659524664,1674.8924150215541,-135.54675549689023
1982,1982-06-18,Group Stage,Scotland,England,3,1,Iran,163,1,1674.8924150215541,1892.7262485161677,-217.8338334946136
1982,1982-06-18,Quarter-finals,Belgium,France,1,1,Draw,164,0,1877.1811590349487,1927.3108129585455,-50.129653923596834
1982,1982-06-19,Group Stage,Hungary,Austria,2,1,Iran,165,1,1725.0490837553386,1771.1285598996242,-46.079476144285536
1982,1982-06-20,Group Stage,Austria,Hungary,0,0,Draw,166,0,1771.1285598996242,1725.0490837553386,46.079476144285536
1982,1982-06-20,Group Stage,France,Switzerland,2,1,Belgium,167,1,1927.3108129585455,1795.1524915428806,132.1583214156649
1982,1982-06-20,Group Stage,England,Northern Ireland,2,0,Australia,168,1,1892.7262485161677,1539.345659524664,353.3805889915038
1982,1982-06-21,Round of 16,Wales,Scotland,0,0,Draw,169,0,1687.5591280700464,1674.8924150215541,12.666713048492284
1982,1982-06-21,Round of 16,Scotland,Northern Ireland,1,1,Draw,170,0,1674.8924150215541,1539.345659524664,135.54675549689023
1982,1982-06-21,Round of 16,England,Wales,1,1,Draw,171,0,1892.7262485161677,1687.5591280700464,205.16712044612132
1982,1982-06-22,Group Stage,England,Scotland,1,1,Draw,172,0,1892.7262485161677,1674.8924150215541,217.8338334946136
1982,1982-06-22,Quarter-finals,Northern Ireland,Wales,0,0,Draw,173,0,1539.345659524664,1687.5591280700464,-148.2134685453825
1982,1982-06-22,Round of 16,Hungary,Austria,1,1,Draw,174,0,1725.0490837553386,1771.1285598996242,-46.079476144285536
1982,1982-06-22,Group Stage,Guernsey,Alderney,0,1,Egypt,175,-1,1672.4050844096073,1183.2171261336912,489.1879582759161
1982,1982-06-22,Group Stage,Jersey,Guernsey,3,1,South Korea,176,1,1736.0448286762935,1672.4050844096073,63.63974426668619
1982,1982-06-23,Group Stage,Belgium,Netherlands,1,1,Draw,177,0,1877.1811590349487,1880.9893111024703,-3.8081520675216325
1982,1982-06-23,Group Stage,Belgium,France,3,1,Denmark,178,1,1877.1811590349487,1927.3108129585455,-50.129653923596834
1982,1982-06-23,Group Stage,Netherlands,Belgium,1,1,Draw,179,0,1880.9893111024703,1877.1811590349487,3.8081520675216325
1982,1982-06-23,Group Stage,Argentina,Uruguay,0,1,Germany,180,-1,2003.862032203178,1852.9983919076524,150.86364029552556
1982,1982-06-23,Quarter-finals,Northern Ireland,England,2,1,Netherlands,181,1,1539.345659524664,1892.7262485161677,-353.3805889915038
1982,1982-06-24,Round of 16,Scotland,Wales,1,2,France,182,-1,1674.8924150215541,1687.5591280700464,-12.666713048492284
1982,1982-06-24,Round of 16,Northern Ireland,Scotland,1,1,Draw,183,0,1539.345659524664,1674.8924150215541,-135.54675549689023
1982,1982-06-25,Group Stage,Wales,England,2,0,Belgium,184,1,1687.5591280700464,1892.7262485161677,-205.16712044612132
1982,1982-06-25,Group Stage,Jersey,Guernsey,1,1,Draw,185,0,1736.0448286762935,1672.4050844096073,63.63974426668619
1982,1982-06-26,Group Stage,Hungary,Czechoslovakia,2,1,France,186,1,1725.0490837553386,1664.11040044332,60.93868331201861
1982,1982-06-26,Final,Wales,Northern Ireland,1,1,Draw,187,0,1687.5591280700464,1539.345659524664,148.2134685453825
1982,1982-06-27,Group Stage,Guernsey,Alderney,0,2,Tunisia,188,-1,1672.4050844096073,1183.2171261336912,489.1879582759161
1982,1982-06-27,Group Stage,Scotland,England,0,2,Argentina,189,-1,1674.8924150215541,1892.7262485161677,-217.8338334946136
1982,1982-06-27,Group Stage,France,Belgium,1,1,Draw,190,0,1927.3108129585455,1877.1811590349487,50.129653923596834
1982,1982-06-27,Group Stage,Belgium,Netherlands,1,1,Draw,191,0,1877.1811590349487,1880.9893111024703,-3.8081520675216325
1982,1982-06-27,Group Stage,Netherlands,Belgium,2,1,Netherlands,192,1,1880.9893111024703,1877.1811590349487,3.8081520675216325
1986,1986-06-10,Group Stage,Uruguay,Argentina,1,0,Italy,193,1,1852.9983919076524,2003.862032203178,-150.86364029552556
1986,1986-06-10,Group Stage,Czechoslovakia,Hungary,1,2,USA,194,-1,1664.11040044332,1725.0490837553386,-60.93868331201861
1986,1986-06-10,Group Stage,Argentina,Uruguay,1,1,Draw,195,0,2003.862032203178,1852.9983919076524,150.86364029552556
1986,1986-06-10,Group Stage,Hungary,Austria,2,1,Netherlands,196,1,1725.0490837553386,1771.1285598996242,-46.079476144285536
1986,1986-06-10,Group Stage,England,Northern Ireland,0,1,Iran,197,-1,1892.7262485161677,1539.345659524664,353.3805889915038
1986,1986-06-11,Quarter-finals,Northern Ireland,Wales,0,1,Ghana,198,-1,1539.345659524664,1687.5591280700464,-148.2134685453825
1986,1986-06-11,Group Stage,Wales,Scotland,1,1,Draw,199,0,1687.5591280700464,1674.8924150215541,12.666713048492284
1986,1986-06-11,Quarter-finals,Scotland,Northern Ireland,0,1,Australia,200,-1,1674.8924150215541,1539.345659524664,135.54675549689023
1986,1986-06-11,Group Stage,England,Wales,1,1,Draw,201,0,1892.7262485161677,1687.5591280700464,205.16712044612132
1986,1986-06-11,Round of 16,Alderney,Jersey,1,1,Draw,202,0,1183.2171261336912,1736.0448286762935,-552.8277025426023
1986,1986-06-11,Group Stage,Jersey,Guernsey,2,0,USA,203,1,1736.0448286762935,1672.4050844096073,63.63974426668619
1986,1986-06-11,Round of 16,England,Scotland,1,1,Draw,204,0,1892.7262485161677,1674.8924150215541,217.8338334946136
1986,1986-06-11,Round of 16,Hungary,Czechoslovakia,1,0,Tunisia,205,1,1725.0490837553386,1664.11040044332,60.93868331201861
1986,1986-06-12,Group Stage,Belgium,Netherlands,2,1,Iran,206,1,1877.1811590349487,1880.9893111024703,-3.8081520675216325
1986,1986-06-12,Round of 16,Belgium,France,1,1,Draw,207,0,1877.1811590349487,1927.3108129585455,-50.129653923596834
1986,1986-06-13,Group Stage,Austria,Hungary,2,1,France,208,1,1771.1285598996242,1725.0490837553386,46.079476144285536
1986,1986-06-13,Semi-finals,Netherlands,Belgium,1,2,Argentina,209,-1,1880.9893111024703,1877.1811590349487,3.8081520675216325
1986,1986-06-13,Group Stage,Czechoslovakia,Hungary,0,1,Belgium,210,-1,1664.11040044332,1725.0490837553386,-60.93868331201861
1986,1986-06-14,Group Stage,Hungary,Austria,3,0,Spain,211,1,1725.0490837553386,1771.1285598996242,-46.079476144285536
1986,1986-06-14,Group Stage,Northern Ireland,England,2,1,Brazil,212,1,1539.345659524664,1892.7262485161677,-353.3805889915038
1986,1986-06-14,Group Stage,Scotland,Wales,0,1,Spain,213,-1,1674.8924150215541,1687.5591280700464,-12.666713048492284
1986,1986-06-15,Group Stage,Switzerland,France,0,1,Sweden,214,-1,1795.1524915428806,1927.3108129585455,-132.1583214156649
1986,1986-06-15,Group Stage,Northern Ireland,Scotland,1,1,Draw,215,0,1539.345659524664,1674.8924150215541,-135.54675549689023
1986,1986-06-16,Group Stage,Wales,England,2,1,Japan,216,1,1687.5591280700464,1892.7262485161677,-205.16712044612132
1986,1986-06-16,Quarter-finals,Belgium,Netherlands,1,1,Draw,217,0,1877.1811590349487,1880.9893111024703,-3.8081520675216325
1986,1986-06-16,Group Stage,Guernsey,Alderney,2,0,USA,218,1,1672.4050844096073,1183.2171261336912,489.1879582759161
1986,1986-06-16,Round of 16,Scotland,England,1,0,Netherlands,219,1,1674.8924150215541,1892.7262485161677,-217.8338334946136
1986,1986-06-16,Group Stage,Hungary,Czechoslovakia,1,2,South Korea,220,-1,1725.0490837553386,1664.11040044332,60.93868331201861
1986,1986-06-16,Group Stage,Switzerland,Germany,1,0,Croatia,221,1,1795.1524915428806,1860.7993981970683,-65.64690665418766
1986,1986-06-16,Group Stage,Guernsey,Jersey,0,3,Brazil,222,-1,1672.4050844096073,1736.0448286762935,-63.63974426668619
1986,1986-06-17,Group Stage,Wales,Northern Ireland,2,2,Draw,223,0,1687.5591280700464,1539.345659524664,148.2134685453825
1986,1986-06-17,Group Stage,France,Belgium,1,2,Senegal,224,-1,1927.3108129585455,1877.1811590349487,50.129653923596834
1986,1986-06-17,Group Stage,Netherlands,Belgium,2,3,Italy,225,-1,1880.9893111024703,1877.1811590349487,3.8081520675216325
1986,1986-06-17,Group Stage,Austria,Hungary,1,0,Switzerland,226,1,1771.1285598996242,1725.0490837553386,46.079476144285536
1986,1986-06-17,Group Stage,Netherlands,France,2,0,Tunisia,227,1,1880.9893111024703,1927.3108129585455,-46.3215018560752
1986,1986-06-17,Group Stage,Austria,England,1,3,USA,228,-1,1771.1285598996242,1892.7262485161677,-121.59768861654356
1986,1986-06-18,Group Stage,Austria,Germany,1,3,Senegal,229,-1,1771.1285598996242,1860.7993981970683,-89.6708382974441
1986,1986-06-18,Group Stage,Austria,England,0,2,Argentina,230,-1,1771.1285598996242,1892.7262485161677,-121.59768861654356
1986,1986-06-18,Group Stage,Hungary,England,0,2,Mexico,231,-1,1725.0490837553386,1892.7262485161677,-167.6771647608291
1986,1986-06-18,Group Stage,Czechoslovakia,England,0,2,Saudi Arabia,232,-1,1664.11040044332,1892.7262485161677,-228.6158480728477
1986,1986-06-18,Final,Sweden,Norway,0,0,Draw,233,0,1713.4479086278996,1684.269348984933,29.178559642966547
1986,1986-06-18,Group Stage,Uruguay,Argentina,2,0,South Korea,234,1,1852.9983919076524,2003.862032203178,-150.86364029552556
1986,1986-06-19,Group Stage,Argentina,Uruguay,1,2,Sweden,235,-1,2003.862032203178,1852.9983919076524,150.86364029552556
1986,1986-06-20,Semi-finals,Argentina,Uruguay,1,1,Draw,236,0,2003.862032203178,1852.9983919076524,150.86364029552556
1986,1986-06-20,Group Stage,Netherlands,Sweden,1,1,Draw,237,0,1880.9893111024703,1713.4479086278996,167.54140247457076
1986,1986-06-21,Group Stage,Belgium,Sweden,0,0,Draw,238,0,1877.1811590349487,1713.4479086278996,163.73325040704913
1986,1986-06-22,Group Stage,Hungary,Austria,1,2,Morocco,239,-1,1725.0490837553386,1771.1285598996242,-46.079476144285536
1986,1986-06-22,Group Stage,England,Northern Ireland,0,0,Draw,240,0,1892.7262485161677,1539.345659524664,353.3805889915038
1986,1986-06-23,Group Stage,Wales,Scotland,0,1,Portugal,241,-1,1687.5591280700464,1674.8924150215541,12.666713048492284
1986,1986-06-23,Third Place,England,Wales,0,1,Germany,242,-1,1892.7262485161677,1687.5591280700464,205.16712044612132
1986,1986-06-23,Group Stage,Scotland,Northern Ireland,3,1,Croatia,243,1,1674.8924150215541,1539.345659524664,135.54675549689023
1986,1986-06-23,Group Stage,Guernsey,Jersey,2,1,Algeria,244,1,1672.4050844096073,1736.0448286762935,-63.63974426668619
1986,1986-06-24,Group Stage,Northern Ireland,Wales,0,0,Draw,245,0,1539.345659524664,1687.5591280700464,-148.2134685453825
1986,1986-06-24,Round of 16,Belgium,Netherlands,2,1,Brazil,246,1,1877.1811590349487,1880.9893111024703,-3.8081520675216325
1986,1986-06-24,Group Stage,Guernsey,Alderney,1,0,Germany,247,1,1672.4050844096073,1183.2171261336912,489.1879582759161
1986,1986-06-24,Round of 16,England,Scotland,2,2,Draw,248,0,1892.7262485161677,1674.8924150215541,217.8338334946136
1986,1986-06-25,Group Stage,Germany,Switzerland,1,2,Netherlands,249,-1,1860.7993981970683,1795.1524915428806,65.64690665418766
1986,1986-06-25,Group Stage,Hungary,Germany,2,0,South Korea,250,1,1725.0490837553386,1860.7993981970683,-135.75031444172964
1986,1986-06-25,Group Stage,Netherlands,Belgium,0,2,Mexico,251,-1,1880.9893111024703,1877.1811590349487,3.8081520675216325
1986,1986-06-25,Round of 16,Austria,Hungary,1,1,Draw,252,0,1771.1285598996242,1725.0490837553386,46.079476144285536
1986,1986-06-26,Group Stage,Belgium,France,0,0,Draw,253,0,1877.1811590349487,1927.3108129585455,-50.129653923596834
1986,1986-06-26,Group Stage,Hungary,England,0,1,Sweden,254,-1,1725.0490837553386,1892.7262485161677,-167.6771647608291
1986,1986-06-26,Group Stage,Hungary,Austria,2,2,Draw,255,0,1725.0490837553386,1771.1285598996242,-46.079476144285536
1986,1986-06-27,Quarter-finals,Hungary,England,2,1,Morocco,256,1,1725.0490837553386,1892.7262485161677,-167.6771647608291
1990,1990-06-10,Group Stage,Austria,England,1,2,Ghana,257,-1,1771.1285598996242,1892.7262485161677,-121.59768861654356
1990,1990-06-11,Group Stage,Argentina,Uruguay,1,3,USA,258,-1,2003.862032203178,1852.9983919076524,150.86364029552556
1990,1990-06-11,Group Stage,Uruguay,Argentina,1,0,Netherlands,259,1,1852.9983919076524,2003.862032203178,-150.86364029552556
1990,1990-06-11,Group Stage,Argentina,Uruguay,2,2,Draw,260,0,2003.862032203178,1852.9983919076524,150.86364029552556
1990,1990-06-11,Group Stage,Hungary,Austria,1,0,Denmark,261,1,1725.0490837553386,1771.1285598996242,-46.079476144285536
1990,1990-06-11,Group Stage,Northern Ireland,England,1,3,Switzerland,262,-1,1539.345659524664,1892.7262485161677,-353.3805889915038
1990,1990-06-12,Round of 16,Scotland,Wales,1,1,Draw,263,0,1674.8924150215541,1687.5591280700464,-12.666713048492284
1990,1990-06-13,Group Stage,Belgium,Netherlands,2,2,Draw,264,0,1877.1811590349487,1880.9893111024703,-3.8081520675216325
1990,1990-06-13,Group Stage,Wales,England,3,0,Spain,265,1,1687.5591280700464,1892.7262485161677,-205.16712044612132
1990,1990-06-13,Group Stage,Northern Ireland,Scotland,1,0,Ghana,266,1,1539.345659524664,1674.8924150215541,-135.54675549689023
1990,1990-06-13,Group Stage,Scotland,England,3,1,Costa Rica,267,1,1674.8924150215541,1892.7262485161677,-217.8338334946136
1990,1990-06-13,Group Stage,France,Belgium,1,0,Italy,268,1,1927.3108129585455,1877.1811590349487,50.129653923596834
1990,1990-06-14,Group Stage,Switzerland,Germany,0,3,Costa Rica,269,-1,1795.1524915428806,1860.7993981970683,-65.64690665418766
1990,1990-06-14,Group Stage,Jersey,Alderney,1,1,Draw,270,0,1736.0448286762935,1183.2171261336912,552.8277025426023
1990,1990-06-14,Group Stage,Netherlands,Belgium,1,0,Australia,271,1,1880.9893111024703,1877.1811590349487,3.8081520675216325
1990,1990-06-14,Group Stage,Wales,Northern Ireland,1,1,Draw,272,0,1687.5591280700464,1539.345659524664,148.2134685453825
1990,1990-06-14,Group Stage,Guernsey,Jersey,0,1,Argentina,273,-1,1672.4050844096073,1736.0448286762935,-63.63974426668619
1990,1990-06-15,Round of 16,Netherlands,Germany,2,2,Draw,274,0,1880.9893111024703,1860.7993981970683,20.189912905402025
1990,1990-06-16,Group Stage,Austria,Hungary,1,0,Italy,275,1,1771.1285598996242,1725.0490837553386,46.079476144285536
1990,1990-06-16,Group Stage,Italy,France,2,1,Belgium,276,1,1852.784017934341,1927.3108129585455,-74.5267950242046
1990,1990-06-16,Group Stage,Germany,Belgium,3,2,Algeria,277,1,1860.7993981970683,1877.1811590349487,-16.381760837880393
1990,1990-06-16,Group Stage,Hungary,Italy,1,0,Belgium,278,1,1725.0490837553386,1852.784017934341,-127.73493417900227
1990,1990-06-16,Group Stage,Argentina,Chile,1,2,Cameroon,279,-1,2003.862032203178,1699.6046736844194,304.25735851875856
1990,1990-06-16,Group Stage,Chile,Uruguay,1,0,South Korea,280,1,1699.6046736844194,1852.9983919076524,-153.393718223233
1990,1990-06-16,Group Stage,Argentina,Chile,0,0,Draw,281,0,2003.862032203178,1699.6046736844194,304.25735851875856
1990,1990-06-17,Group Stage,Argentina,Uruguay,1,1,Draw,282,0,2003.862032203178,1852.9983919076524,150.86364029552556
1990,1990-06-17,Round of 16,Uruguay,Argentina,0,1,South Korea,283,-1,1852.9983919076524,2003.862032203178,-150.86364029552556
1990,1990-06-17,Round of 16,Chile,Argentina,0,1,Australia,284,-1,1699.6046736844194,2003.862032203178,-304.25735851875856
1990,1990-06-17,Round of 16,Norway,Sweden,2,0,Egypt,285,1,1684.269348984933,1713.4479086278996,-29.178559642966547
1990,1990-06-18,Group Stage,Germany,Netherlands,2,1,England,286,1,1860.7993981970683,1880.9893111024703,-20.189912905402025
1990,1990-06-18,Group Stage,Hungary,Austria,3,0,Morocco,287,1,1725.0490837553386,1771.1285598996242,-46.079476144285536
1990,1990-06-18,Semi-finals,Argentina,Uruguay,0,2,France,288,-1,2003.862032203178,1852.9983919076524,150.86364029552556
1990,1990-06-18,Group Stage,Argentina,Uruguay,0,1,Cameroon,289,-1,2003.862032203178,1852.9983919076524,150.86364029552556
1990,1990-06-18,Group Stage,France,Hungary,0,1,France,290,-1,1927.3108129585455,1725.0490837553386,202.26172920320687
1990,1990-06-18,Group Stage,Italy,Hungary,1,1,Draw,291,0,1852.784017934341,1725.0490837553386,127.73493417900227
1990,1990-06-19,Group Stage,Switzerland,Hungary,0,0,Draw,292,0,1795.1524915428806,1725.0490837553386,70.10340778754198
1990,1990-06-19,Group Stage,Northern Ireland,Wales,0,1,Netherlands,293,-1,1539.345659524664,1687.5591280700464,-148.2134685453825
1990,1990-06-19,Group Stage,England,Northern Ireland,1,2,USA,294,-1,1892.7262485161677,1539.345659524664,353.3805889915038
1990,1990-06-19,Round of 16,Wales,Scotland,1,0,Costa Rica,295,1,1687.5591280700464,1674.8924150215541,12.666713048492284
1990,1990-06-19,Quarter-finals,England,Wales,1,0,Italy,296,1,1892.7262485161677,1687.5591280700464,205.16712044612132
1990,1990-06-20,Group Stage,Scotland,Northern Ireland,2,1,Uruguay,297,1,1674.8924150215541,1539.345659524664,135.54675549689023
1990,1990-06-20,Third Place,Belgium,Netherlands,0,0,Draw,298,0,1877.1811590349487,1880.9893111024703,-3.8081520675216325
1990,1990-06-20,Group Stage,Germany,Switzerland,0,2,USA,299,-1,1860.7993981970683,1795.1524915428806,65.64690665418766
1990,1990-06-20,Quarter-finals,England,Scotland,0,1,Argentina,300,-1,1892.7262485161677,1674.8924150215541,217.8338334946136
1990,1990-06-21,Group Stage,Netherlands,Belgium,0,0,Draw,301,0,1880.9893111024703,1877.1811590349487,3.8081520675216325
1990,1990-06-21,Group Stage,France,Italy,0,0,Draw,302,0,1927.3108129585455,1852.784017934341,74.5267950242046
1990,1990-06-21,Semi-finals,Guernsey,Alderney,0,0,Draw,303,0,1672.4050844096073,1183.2171261336912,489.1879582759161
1990,1990-06-21,Group Stage,Belgium,Germany,0,0,Draw,304,0,1877.1811590349487,1860.7993981970683,16.381760837880393
1990,1990-06-22,Group Stage,Switzerland,France,1,0,Portugal,305,1,1795.1524915428806,1927.3108129585455,-132.1583214156649
1990,1990-06-23,Group Stage,Jersey,Guernsey,1,1,Draw,306,0,1736.0448286762935,1672.4050844096073,63.63974426668619
1990,1990-06-24,Quarter-finals,Belgium,France,1,0,Belgium,307,1,1877.1811590349487,1927.3108129585455,-50.129653923596834
1990,1990-06-24,Quarter-finals,Austria,Hungary,1,0,Italy,308,1,1771.1285598996242,1725.0490837553386,46.079476144285536
1990,1990-06-24,Group Stage,Italy,Switzerland,3,1,South Korea,309,1,1852.784017934341,1795.1524915428806,57.631526391460284
1990,1990-06-24,Group Stage,Switzerland,Italy,0,3,Italy,310,-1,1795.1524915428806,1852.784017934341,-57.631526391460284
1990,1990-06-25,Round of 16,Sweden,Germany,1,0,Spain,311,1,1713.4479086278996,1860.7993981970683,-147.35148956916873
1990,1990-06-25,Group Stage,Argentina,Uruguay,1,0,Brazil,312,1,2003.862032203178,1852.9983919076524,150.86364029552556
1990,1990-06-25,Group Stage,Sweden,Norway,0,1,Cameroon,313,-1,1713.4479086278996,1684.269348984933,29.178559642966547
1990,1990-06-25,Group Stage,Uruguay,Argentina,2,1,Sweden,314,1,1852.9983919076524,2003.862032203178,-150.86364029552556
1990,1990-06-26,Group Stage,Uruguay,Argentina,1,2,Uruguay,315,-1,1852.9983919076524,2003.862032203178,-150.86364029552556
1990,1990-06-26,Final,Germany,Austria,2,0,Iran,316,1,1860.7993981970683,1771.1285598996242,89.6708382974441
1990,1990-06-27,Group Stage,Argentina,Uruguay,1,0,Portugal,317,1,2003.862032203178,1852.9983919076524,150.86364029552556
1990,1990-06-27,Group Stage,Finland,Sweden,1,0,Spain,318,1,1599.8734872945067,1713.4479086278996,-113.57442133339282
1990,1990-06-27,Group Stage,Germany,Sweden,1,0,Netherlands,319,1,1860.7993981970683,1713.4479086278996,147.35148956916873
1990,1990-06-27,Round of 16,Hungary,Switzerland,1,1,Draw,320,0,1725.0490837553386,1795.1524915428806,-70.10340778754198
1994,1994-06-10,Round of 16,Luxembourg,France,1,1,Draw,321,0,1456.2114767880091,1927.3108129585455,-471.0993361705364
1994,1994-06-10,Group Stage,Uruguay,Argentina,1,1,Draw,322,0,1852.9983919076524,2003.862032203178,-150.86364029552556
1994,1994-06-10,Group Stage,Hungary,Austria,3,1,Ghana,323,1,1725.0490837553386,1771.1285598996242,-46.079476144285536
1994,1994-06-11,Group Stage,Germany,Hungary,1,3,France,324,-1,1860.7993981970683,1725.0490837553386,135.75031444172964
1994,1994-06-11,Quarter-finals,France,Belgium,1,0,Netherlands,325,1,1927.3108129585455,1877.1811590349487,50.129653923596834
1994,1994-06-11,Group Stage,Northern Ireland,England,2,2,Draw,326,0,1539.345659524664,1892.7262485161677,-353.3805889915038
1994,1994-06-12,Group Stage,France,Catalonia,2,0,Netherlands,327,1,1927.3108129585455,1630.4523390028744,296.8584739556711
1994,1994-06-12,Group Stage,France,Switzerland,2,1,Switzerland,328,1,1927.3108129585455,1795.1524915428806,132.1583214156649
1994,1994-06-12,Group Stage,Belgium,Switzerland,0,2,Saudi Arabia,329,-1,1877.1811590349487,1795.1524915428806,82.02866749206805
1994,1994-06-12,Group Stage,Scotland,Wales,2,0,USA,330,1,1674.8924150215541,1687.5591280700464,-12.666713048492284
1994,1994-06-13,Group Stage,Belgium,Netherlands,1,2,Costa Rica,331,-1,1877.1811590349487,1880.9893111024703,-3.8081520675216325
1994,1994-06-13,Group Stage,Wales,England,0,2,Costa Rica,332,-1,1687.5591280700464,1892.7262485161677,-205.16712044612132
1994,1994-06-13,Group Stage,Northern Ireland,Scotland,3,2,Iran,333,1,1539.345659524664,1674.8924150215541,-135.54675549689023
1994,1994-06-13,Group Stage,Italy,France,3,0,Netherlands,334,1,1852.784017934341,1927.3108129585455,-74.5267950242046
1994,1994-06-13,Round of 16,Scotland,England,1,0,Saudi Arabia,335,1,1674.8924150215541,1892.7262485161677,-217.8338334946136
1994,1994-06-14,Semi-finals,Netherlands,Germany,2,1,Switzerland,336,1,1880.9893111024703,1860.7993981970683,20.189912905402025
1994,1994-06-14,Group Stage,Wales,Northern Ireland,1,0,Nigeria,337,1,1687.5591280700464,1539.345659524664,148.2134685453825
1994,1994-06-14,Round of 16,Hungary,Germany,1,0,Cameroon,338,1,1725.0490837553386,1860.7993981970683,-135.75031444172964
1994,1994-06-14,Group Stage,Jersey,Guernsey,0,1,Portugal,339,-1,1736.0448286762935,1672.4050844096073,63.63974426668619
1994,1994-06-15,Group Stage,Jersey,Guernsey,2,0,Denmark,340,1,1736.0448286762935,1672.4050844096073,63.63974426668619
1994,1994-06-15,Group Stage,Guernsey,Alderney,0,1,Spain,341,-1,1672.4050844096073,1183.2171261336912,489.1879582759161
1994,1994-06-16,Group Stage,Netherlands,Belgium,1,0,Ghana,342,1,1880.9893111024703,1877.1811590349487,3.8081520675216325
1994,1994-06-16,Third Place,Austria,Hungary,1,1,Draw,343,0,1771.1285598996242,1725.0490837553386,46.079476144285536
1994,1994-06-17,Group Stage,Switzerland,Germany,1,0,Senegal,344,1,1795.1524915428806,1860.7993981970683,-65.64690665418766
1994,1994-06-17,Group Stage,Norway,Sweden,1,1,Draw,345,0,1684.269348984933,1713.4479086278996,-29.178559642966547
1994,1994-06-17,Group Stage,Sweden,Hungary,1,2,Morocco,346,-1,1713.4479086278996,1725.0490837553386,-11.601175127439092
1994,1994-06-18,Group Stage,Norway,Hungary,0,2,Brazil,347,-1,1684.269348984933,1725.0490837553386,-40.77973477040564
1994,1994-06-18,Round of 16,Sweden,Finland,1,1,Draw,348,0,1713.4479086278996,1599.8734872945067,113.57442133339282
1994,1994-06-18,Group Stage,Austria,Italy,0,2,Egypt,349,-1,1771.1285598996242,1852.784017934341,-81.65545803471673
1994,1994-06-19,Group Stage,Austria,Norway,2,1,Australia,350,1,1771.1285598996242,1684.269348984933,86.85921091469118
1994,1994-06-19,Quarter-finals,Hungary,Austria,0,0,Draw,351,0,1725.0490837553386,1771.1285598996242,-46.079476144285536
1994,1994-06-19,Round of 16,Norway,Russia,1,2,Brazil,352,-1,1684.269348984933,1735.2107245284092,-50.94137554347617
1994,1994-06-19,Group Stage,Netherlands,Austria,1,0,Costa Rica,353,1,1880.9893111024703,1771.1285598996242,109.86075120284613
1994,1994-06-19,Round of 16,Russia,Hungary,1,2,Tunisia,354,-1,1735.2107245284092,1725.0490837553386,10.16164077307053
1994,1994-06-20,Group Stage,Russia,Hungary,1,1,Draw,355,0,1735.2107245284092,1725.0490837553386,10.16164077307053
1994,1994-06-20,Group Stage,Uruguay,Argentina,1,0,Germany,356,1,1852.9983919076524,2003.862032203178,-150.86364029552556
1994,1994-06-21,Semi-finals,Uruguay,Argentina,0,1,Senegal,357,-1,1852.9983919076524,2003.862032203178,-150.86364029552556
1994,1994-06-21,Final,Argentina,Uruguay,1,0,Japan,358,1,2003.862032203178,1852.9983919076524,150.86364029552556
1994,1994-06-21,Group Stage,Argentina,Uruguay,1,1,Draw,359,0,2003.862032203178,1852.9983919076524,150.86364029552556
1994,1994-06-21,Group Stage,Denmark,Germany,3,2,Cameroon,360,1,1793.1448461703333,1860.7993981970683,-67.65455202673502
1994,1994-06-21,Group Stage,Hungary,Austria,0,1,Costa Rica,361,-1,1725.0490837553386,1771.1285598996242,-46.079476144285536
1994,1994-06-21,Group Stage,Sweden,Norway,1,1,Draw,362,0,1713.4479086278996,1684.269348984933,29.178559642966547
1994,1994-06-21,Group Stage,Germany,Netherlands,1,1,Draw,363,0,1860.7993981970683,1880.9893111024703,-20.189912905402025
1994,1994-06-22,Group Stage,Uruguay,Argentina,2,1,Costa Rica,364,1,1852.9983919076524,2003.862032203178,-150.86364029552556
1994,1994-06-22,Group Stage,Catalonia,France,2,0,Poland,365,1,1630.4523390028744,1927.3108129585455,-296.8584739556711
1994,1994-06-22,Group Stage,Italy,Austria,0,3,France,366,-1,1852.784017934341,1771.1285598996242,81.65545803471673
1994,1994-06-23,Group Stage,France,Italy,3,1,Algeria,367,1,1927.3108129585455,1852.784017934341,74.5267950242046
1994,1994-06-23,Group Stage,Northern Ireland,Wales,1,0,Sweden,368,1,1539.345659524664,1687.5591280700464,-148.2134685453825
1994,1994-06-23,Group Stage,Philippines,China PR,1,1,Draw,369,0,1338.9714230793995,1551.8059052481922,-212.83448216879265
1994,1994-06-23,Group Stage,Northern Ireland,England,1,2,Costa Rica,370,-1,1539.345659524664,1892.7262485161677,-353.3805889915038
1994,1994-06-23,Quarter-finals,Belgium,France,2,0,Germany,371,1,1877.1811590349487,1927.3108129585455,-50.129653923596834
1994,1994-06-23,Group Stage,Wales,Scotland,1,1,Draw,372,0,1687.5591280700464,1674.8924150215541,12.666713048492284
1994,1994-06-23,Group Stage,Belgium,Netherlands,2,1,Saudi Arabia,373,1,1877.1811590349487,1880.9893111024703,-3.8081520675216325
1994,1994-06-24,Group Stage,Switzerland,France,1,0,Netherlands,374,1,1795.1524915428806,1927.3108129585455,-132.1583214156649
1994,1994-06-24,Group Stage,Northern Ireland,Scotland,0,2,Australia,375,-1,1539.345659524664,1674.8924150215541,-135.54675549689023
1994,1994-06-25,Group Stage,England,Wales,2,0,Japan,376,1,1892.7262485161677,1687.5591280700464,205.16712044612132
1994,1994-06-25,Group Stage,Jersey,Alderney,1,1,Draw,377,0,1736.0448286762935,1183.2171261336912,552.8277025426023
1994,1994-06-25,Group Stage,England,Scotland,3,1,Spain,378,1,1892.7262485161677,1674.8924150215541,217.8338334946136
1994,1994-06-25,Group Stage,Jersey,Guernsey,0,0,Draw,379,0,1736.0448286762935,1672.4050844096073,63.63974426668619
1994,1994-06-25,Quarter-finals,France,Luxembourg,0,1,Germany,380,-1,1927.3108129585455,1456.2114767880091,471.0993361705364
1994,1994-06-26,Round of 16,Netherlands,Belgium,1,0,Italy,381,1,1880.9893111024703,1877.1811590349487,3.8081520675216325
1994,1994-06-26,Group Stage,Austria,Hungary,1,1,Draw,382,0,1771.1285598996242,1725.0490837553386,46.079476144285536
1994,1994-06-26,Round of 16,Italy,Belgium,1,2,Cameroon,383,-1,1852.784017934341,1877.1811590349487,-24.39714110060777
1994,1994-06-27,Group Stage,Russia,Sweden,1,0,England,384,1,1735.2107245284092,1713.4479086278996,21.762815900509622
1998,1998-06-10,Group Stage,Switzerland,Belgium,1,2,USA,385,-1,1795.1524915428806,1877.1811590349487,-82.02866749206805
1998,1998-06-10,Group Stage,Germany,Switzerland,2,0,Argentina,386,1,1860.7993981970683,1795.1524915428806,65.64690665418766
1998,1998-06-10,Group Stage,Hungary,Sweden,2,0,Portugal,387,1,1725.0490837553386,1713.4479086278996,11.601175127439092
1998,1998-06-10,Group Stage,Denmark,Sweden,1,3,Algeria,388,-1,1793.1448461703333,1713.4479086278996,79.69693754243372
1998,1998-06-11,Group Stage,Sweden,Norway,3,1,Denmark,389,1,1713.4479086278996,1684.269348984933,29.178559642966547
1998,1998-06-11,Group Stage,Argentina,Uruguay,0,0,Draw,390,0,2003.862032203178,1852.9983919076524,150.86364029552556
1998,1998-06-11,Round of 16,Austria,Italy,2,2,Draw,391,0,1771.1285598996242,1852.784017934341,-81.65545803471673
1998,1998-06-11,Group Stage,Argentina,Uruguay,0,2,Ghana,392,-1,2003.862032203178,1852.9983919076524,150.86364029552556
1998,1998-06-11,Round of 16,Argentina,Uruguay,1,1,Draw,393,0,2003.862032203178,1852.9983919076524,150.86364029552556
1998,1998-06-12,Group Stage,Argentina,Uruguay,1,1,Draw,394,0,2003.862032203178,1852.9983919076524,150.86364029552556
1998,1998-06-12,Group Stage,Russia,Norway,3,1,Australia,395,1,1735.2107245284092,1684.269348984933,50.94137554347617
1998,1998-06-12,Group Stage,Chile,Argentina,3,1,Germany,396,1,1699.6046736844194,2003.862032203178,-304.25735851875856
1998,1998-06-12,Group Stage,Sweden,Denmark,0,2,Costa Rica,397,-1,1713.4479086278996,1793.1448461703333,-79.69693754243372
1998,1998-06-13,Group Stage,Uruguay,Argentina,3,1,Cameroon,398,1,1852.9983919076524,2003.862032203178,-150.86364029552556
1998,1998-06-13,Group Stage,Germany,Denmark,2,3,Mexico,399,-1,1860.7993981970683,1793.1448461703333,67.65455202673502
1998,1998-06-13,Group Stage,Hungary,Austria,2,1,Poland,400,1,1725.0490837553386,1771.1285598996242,-46.079476144285536
1998,1998-06-13,Group Stage,Norway,Sweden,1,1,Draw,401,0,1684.269348984933,1713.4479086278996,-29.178559642966547
1998,1998-06-13,Round of 16,Uruguay,Argentina,1,1,Draw,402,0,1852.9983919076524,2003.862032203178,-150.86364029552556
1998,1998-06-13,Group Stage,Belgium,Switzerland,0,2,Tunisia,403,-1,1877.1811590349487,1795.1524915428806,82.02866749206805
1998,1998-06-14,Group Stage,Belgium,Germany,2,2,Draw,404,0,1877.1811590349487,1860.7993981970683,16.381760837880393
1998,1998-06-14,Group Stage,Italy,Austria,0,1,Iran,405,-1,1852.784017934341,1771.1285598996242,81.65545803471673
1998,1998-06-15,Third Place,Wales,Northern Ireland,2,1,Brazil,406,1,1687.5591280700464,1539.345659524664,148.2134685453825
1998,1998-06-15,Group Stage,France,Belgium,1,1,Draw,407,0,1927.3108129585455,1877.1811590349487,50.129653923596834
1998,1998-06-15,Round of 16,Luxembourg,France,0,0,Draw,408,0,1456.2114767880091,1927.3108129585455,-471.0993361705364
1998,1998-06-17,Group Stage,England,Northern Ireland,2,3,South Korea,409,-1,1892.7262485161677,1539.345659524664,353.3805889915038
1998,1998-06-17,Group Stage,Scotland,Wales,1,0,Ghana,410,1,1674.8924150215541,1687.5591280700464,-12.666713048492284
1998,1998-06-17,Group Stage,France,Switzerland,2,2,Draw,411,0,1927.3108129585455,1795.1524915428806,132.1583214156649
1998,1998-06-17,Group Stage,Northern Ireland,Scotland,2,1,Saudi Arabia,412,1,1539.345659524664,1674.8924150215541,-135.54675549689023
1998,1998-06-17,Group Stage,Belgium,Netherlands,1,0,Sweden,413,1,1877.1811590349487,1880.9893111024703,-3.8081520675216325
1998,1998-06-18,Group Stage,Wales,England,0,1,Senegal,414,-1,1687.5591280700464,1892.7262485161677,-205.16712044612132
1998,1998-06-18,Final,Italy,France,1,2,England,415,-1,1852.784017934341,1927.3108129585455,-74.5267950242046
1998,1998-06-18,Group Stage,Guernsey,Alderney,1,2,Senegal,416,-1,1672.4050844096073,1183.2171261336912,489.1879582759161
1998,1998-06-18,Round of 16,Italy,Switzerland,1,1,Draw,417,0,1852.784017934341,1795.1524915428806,57.631526391460284
1998,1998-06-18,Round of 16,Netherlands,Germany,0,0,Draw,418,0,1880.9893111024703,1860.7993981970683,20.189912905402025
1998,1998-06-18,Group Stage,Scotland,England,2,3,Poland,419,-1,1674.8924150215541,1892.7262485161677,-217.8338334946136
1998,1998-06-18,Group Stage,Guernsey,Jersey,0,1,Japan,420,-1,1672.4050844096073,1736.0448286762935,-63.63974426668619
1998,1998-06-18,Group Stage,Netherlands,Belgium,1,1,Draw,421,0,1880.9893111024703,1877.1811590349487,3.8081520675216325
1998,1998-06-18,Group Stage,Austria,Hungary,1,2,USA,422,-1,1771.1285598996242,1725.0490837553386,46.079476144285536
1998,1998-06-19,Group Stage,Denmark,Netherlands,0,0,Draw,423,0,1793.1448461703333,1880.9893111024703,-87.84446493213704
1998,1998-06-19,Group Stage,Switzerland,Italy,0,1,South Korea,424,-1,1795.1524915428806,1852.784017934341,-57.631526391460284
1998,1998-06-19,Group Stage,Sweden,Finland,2,2,Draw,425,0,1713.4479086278996,1599.8734872945067,113.57442133339282
1998,1998-06-19,Quarter-finals,Hungary,France,0,0,Draw,426,0,1725.0490837553386,1927.3108129585455,-202.26172920320687
1998,1998-06-19,Quarter-finals,Sweden,Hungary,0,0,Draw,427,0,1713.4479086278996,1725.0490837553386,-11.601175127439092
1998,1998-06-20,Group Stage,Norway,Sweden,2,2,Draw,428,0,1684.269348984933,1713.4479086278996,-29.178559642966547
1998,1998-06-20,Group Stage,Sweden,Russia,1,0,Argentina,429,1,1713.4479086278996,1735.2107245284092,-21.762815900509622
1998,1998-06-21,Round of 16,Norway,Russia,1,1,Draw,430,0,1684.269348984933,1735.2107245284092,-50.94137554347617
1998,1998-06-21,Group Stage,Uruguay,Argentina,1,2,Iran,431,-1,1852.9983919076524,2003.862032203178,-150.86364029552556
1998,1998-06-21,Semi-finals,Argentina,Uruguay,2,1,Portugal,432,1,2003.862032203178,1852.9983919076524,150.86364029552556
1998,1998-06-21,Group Stage,Argentina,Brazil,0,2,Brazil,433,-1,2003.862032203178,1938.8764422437791,64.9855899593988
1998,1998-06-21,Semi-finals,Argentina,Brazil,1,0,Switzerland,434,1,2003.862032203178,1938.8764422437791,64.9855899593988
1998,1998-06-21,Quarter-finals,Hungary,Austria,1,1,Draw,435,0,1725.0490837553386,1771.1285598996242,-46.079476144285536
1998,1998-06-21,Group Stage,Sweden,Norway,0,1,Costa Rica,436,-1,1713.4479086278996,1684.269348984933,29.178559642966547
1998,1998-06-22,Group Stage,Austria,Hungary,1,1,Draw,437,0,1771.1285598996242,1725.0490837553386,46.079476144285536
1998,1998-06-23,Group Stage,Basque Country,Catalonia,1,0,Germany,438,1,1713.981165591042,1630.4523390028744,83.5288265881677
1998,1998-06-23,Group Stage,Italy,Switzerland,1,1,Draw,439,0,1852.784017934341,1795.1524915428806,57.631526391460284
1998,1998-06-24,Group Stage,Catalonia,Basque Country,1,2,Spain,440,-1,1630.4523390028744,1713.981165591042,-83.5288265881677
1998,1998-06-25,Round of 16,Hungary,Austria,2,1,Uruguay,441,1,1725.0490837553386,1771.1285598996242,-46.079476144285536
1998,1998-06-25,Group Stage,Basque Country,Catalonia,1,1,Draw,442,0,1713.981165591042,1630.4523390028744,83.5288265881677
1998,1998-06-25,Group Stage,China PR,Philippines,1,2,USA,443,-1,1551.8059052481922,1338.9714230793995,212.83448216879265
1998,1998-06-25,Group Stage,China PR,Philippines,1,1,Draw,444,0,1551.8059052481922,1338.9714230793995,212.83448216879265
1998,1998-06-25,Group Stage,Austria,Hungary,1,1,Draw,445,0,1771.1285598996242,1725.0490837553386,46.079476144285536
1998,1998-06-25,Group Stage,Denmark,Sweden,1,0,Switzerland,446,1,1793.1448461703333,1713.4479086278996,79.69693754243372
1998,1998-06-26,Group Stage,Norway,Sweden,0,3,Costa Rica,447,-1,1684.269348984933,1713.4479086278996,-29.178559642966547
1998,1998-06-27,Quarter-finals,Uruguay,Argentina,1,0,Algeria,448,1,1852.9983919076524,2003.862032203178,-150.86364029552556
2002,2002-06-10,Group Stage,Argentina,Uruguay,0,1,Portugal,449,-1,2003.862032203178,1852.9983919076524,150.86364029552556
2002,2002-06-10,Round of 16,Uruguay,Argentina,1,1,Draw,450,0,1852.9983919076524,2003.862032203178,-150.86364029552556
2002,2002-06-11,Quarter-finals,Denmark,Norway,2,2,Draw,451,0,1793.1448461703333,1684.269348984933,108.87549718540026
2002,2002-06-11,Group Stage,Austria,Hungary,2,1,USA,452,1,1771.1285598996242,1725.0490837553386,46.079476144285536
2002,2002-06-12,Group Stage,Sweden,Norway,2,2,Draw,453,0,1713.4479086278996,1684.269348984933,29.178559642966547
2002,2002-06-13,Group Stage,Sweden,Denmark,0,1,Denmark,454,-1,1713.4479086278996,1793.1448461703333,-79.69693754243372
2002,2002-06-13,Group Stage,Hungary,Austria,1,2,Argentina,455,-1,1725.0490837553386,1771.1285598996242,-46.079476144285536
2002,2002-06-13,Group Stage,Austria,Hungary,1,2,Saudi Arabia,456,-1,1771.1285598996242,1725.0490837553386,46.079476144285536
2002,2002-06-13,Round of 16,Catalonia,Basque Country,0,2,Nigeria,457,-1,1630.4523390028744,1713.981165591042,-83.5288265881677
2002,2002-06-13,Group Stage,Catalonia,Basque Country,0,1,Belgium,458,-1,1630.4523390028744,1713.981165591042,-83.5288265881677
2002,2002-06-14,Semi-finals,Denmark,Sweden,1,1,Draw,459,0,1793.1448461703333,1713.4479086278996,79.69693754243372
2002,2002-06-14,Semi-finals,Hungary,Austria,1,0,Uruguay,460,1,1725.0490837553386,1771.1285598996242,-46.079476144285536
2002,2002-06-15,Group Stage,Basque Country,Catalonia,1,0,Japan,461,1,1713.981165591042,1630.4523390028744,83.5288265881677
2002,2002-06-15,Group Stage,Norway,Denmark,0,1,Uruguay,462,-1,1684.269348984933,1793.1448461703333,-108.87549718540026
2002,2002-06-15,Group Stage,Chile,Uruguay,0,2,Denmark,463,-1,1699.6046736844194,1852.9983919076524,-153.393718223233
2002,2002-06-15,Round of 16,Sweden,Norway,1,1,Draw,464,0,1713.4479086278996,1684.269348984933,29.178559642966547
2002,2002-06-16,Group Stage,Argentina,Chile,1,2,England,465,-1,2003.862032203178,1699.6046736844194,304.25735851875856
2002,2002-06-16,Quarter-finals,Brazil,Chile,2,1,France,466,1,1938.8764422437791,1699.6046736844194,239.27176855935977
2002,2002-06-16,Round of 16,Argentina,Brazil,0,1,Brazil,467,-1,2003.862032203178,1938.8764422437791,64.9855899593988
2002,2002-06-16,Group Stage,Argentina,Chile,1,1,Draw,468,0,2003.862032203178,1699.6046736844194,304.25735851875856
2002,2002-06-17,Group Stage,Brazil,Uruguay,1,1,Draw,469,0,1938.8764422437791,1852.9983919076524,85.87805033612676
2002,2002-06-17,Group Stage,Uruguay,Chile,1,1,Draw,470,0,1852.9983919076524,1699.6046736844194,153.393718223233
2002,2002-06-17,Group Stage,Argentina,Uruguay,0,1,Portugal,471,-1,2003.862032203178,1852.9983919076524,150.86364029552556
2002,2002-06-18,Group Stage,Uruguay,Brazil,1,2,Italy,472,-1,1852.9983919076524,1938.8764422437791,-85.87805033612676
2002,2002-06-18,Group Stage,Argentina,Uruguay,2,3,Switzerland,473,-1,2003.862032203178,1852.9983919076524,150.86364029552556
2002,2002-06-18,Group Stage,Uruguay,Argentina,1,1,Draw,474,0,1852.9983919076524,2003.862032203178,-150.86364029552556
2002,2002-06-18,Quarter-finals,Sweden,United States,1,1,Draw,475,0,1713.4479086278996,1775.0752254478318,-61.627316819932275
2002,2002-06-19,Group Stage,Norway,United States,0,1,Japan,476,-1,1684.269348984933,1775.0752254478318,-90.80587646289882
2002,2002-06-19,Group Stage,Argentina,Uruguay,1,1,Draw,477,0,2003.862032203178,1852.9983919076524,150.86364029552556
2002,2002-06-19,Group Stage,Hungary,Austria,1,3,Germany,478,-1,1725.0490837553386,1771.1285598996242,-46.079476144285536
2002,2002-06-20,Quarter-finals,Norway,Sweden,1,1,Draw,479,0,1684.269348984933,1713.4479086278996,-29.178559642966547
2002,2002-06-20,Group Stage,Uruguay,Argentina,2,1,USA,480,1,1852.9983919076524,2003.862032203178,-150.86364029552556
2002,2002-06-20,Group Stage,Sweden,Denmark,1,2,Saudi Arabia,481,-1,1713.4479086278996,1793.1448461703333,-79.69693754243372
2002,2002-06-20,Round of 16,Denmark,Norway,2,0,Mexico,482,1,1793.1448461703333,1684.269348984933,108.87549718540026
2002,2002-06-21,Group Stage,Uruguay,Argentina,0,0,Draw,483,0,1852.9983919076524,2003.862032203178,-150.86364029552556
2002,2002-06-21,Group Stage,Austria,Hungary,1,2,Nigeria,484,-1,1771.1285598996242,1725.0490837553386,46.079476144285536
2002,2002-06-21,Group Stage,Austria,Hungary,1,0,Mexico,485,1,1771.1285598996242,1725.0490837553386,46.079476144285536
2002,2002-06-21,Group Stage,Japan,Philippines,2,1,Nigeria,486,1,1833.775871233576,1338.9714230793995,494.8044481541765
2002,2002-06-22,Group Stage,Japan,China PR,3,1,Japan,487,1,1833.775871233576,1551.8059052481922,281.96996598538385
2002,2002-06-22,Group Stage,Japan,Philippines,0,0,Draw,488,0,1833.775871233576,1338.9714230793995,494.8044481541765
2002,2002-06-22,Group Stage,China PR,Philippines,2,0,Croatia,489,1,1551.8059052481922,1338.9714230793995,212.83448216879265
2002,2002-06-23,Group Stage,Denmark,Sweden,0,1,Brazil,490,-1,1793.1448461703333,1713.4479086278996,79.69693754243372
2002,2002-06-23,Group Stage,Hungary,Austria,1,2,Argentina,491,-1,1725.0490837553386,1771.1285598996242,-46.079476144285536
2002,2002-06-23,Group Stage,Norway,Denmark,1,1,Draw,492,0,1684.269348984933,1793.1448461703333,-108.87549718540026
2002,2002-06-23,Round of 16,Austria,Hungary,1,1,Draw,493,0,1771.1285598996242,1725.0490837553386,46.079476144285536
2002,2002-06-24,Group Stage,Uruguay,Argentina,1,1,Draw,494,0,1852.9983919076524,2003.862032203178,-150.86364029552556
2002,2002-06-24,Group Stage,Argentina,Uruguay,0,1,Switzerland,495,-1,2003.862032203178,1852.9983919076524,150.86364029552556
2002,2002-06-24,Group Stage,Sweden,Norway,2,0,Nigeria,496,1,1713.4479086278996,1684.269348984933,29.178559642966547
2002,2002-06-24,Group Stage,Uruguay,Argentina,2,1,Sweden,497,1,1852.9983919076524,2003.862032203178,-150.86364029552556
2002,2002-06-24,Group Stage,Norway,Sweden,1,1,Draw,498,0,1684.269348984933,1713.4479086278996,-29.178559642966547
2002,2002-06-24,Round of 16,Uruguay,Chile,1,0,USA,499,1,1852.9983919076524,1699.6046736844194,153.393718223233
2002,2002-06-25,Third Place,Argentina,Brazil,1,1,Draw,500,0,2003.862032203178,1938.8764422437791,64.9855899593988
2002,2002-06-25,Final,Argentina,Chile,2,2,Draw,501,0,2003.862032203178,1699.6046736844194,304.25735851875856
2002,2002-06-25,Group Stage,Denmark,Norway,2,0,South Korea,502,1,1793.1448461703333,1684.269348984933,108.87549718540026
2002,2002-06-25,Group Stage,Hungary,Austria,2,2,Draw,503,0,1725.0490837553386,1771.1285598996242,-46.079476144285536
2002,2002-06-25,Group Stage,Uruguay,Brazil,0,2,Costa Rica,504,-1,1852.9983919076524,1938.8764422437791,-85.87805033612676
2002,2002-06-25,Group Stage,Brazil,Chile,2,2,Draw,505,0,1938.8764422437791,1699.6046736844194,239.27176855935977
2002,2002-06-25,Round of 16,Sweden,Denmark,0,1,Algeria,506,-1,1713.4479086278996,1793.1448461703333,-79.69693754243372
2002,2002-06-26,Group Stage,Uruguay,Argentina,1,1,Draw,507,0,1852.9983919076524,2003.862032203178,-150.86364029552556
2002,2002-06-26,Group Stage,Uruguay,Brazil,2,2,Draw,508,0,1852.9983919076524,1938.8764422437791,-85.87805033612676
2002,2002-06-26,Group Stage,Austria,Hungary,3,2,Netherlands,509,1,1771.1285598996242,1725.0490837553386,46.079476144285536
2002,2002-06-26,Group Stage,Switzerland,Austria,2,1,Spain,510,1,1795.1524915428806,1771.1285598996242,24.023931643256446
2002,2002-06-27,Group Stage,Switzerland,Austria,1,0,Brazil,511,1,1795.1524915428806,1771.1285598996242,24.023931643256446
2002,2002-06-27,Group Stage,Hungary,Austria,0,2,Australia,512,-1,1725.0490837553386,1771.1285598996242,-46.079476144285536
2006,2006-06-10,Group Stage,Austria,Switzerland,2,1,Belgium,513,1,1771.1285598996242,1795.1524915428806,-24.023931643256446
2006,2006-06-10,Round of 16,Hungary,Switzerland,0,1,England,514,-1,1725.0490837553386,1795.1524915428806,-70.10340778754198
2006,2006-06-10,Group Stage,Sweden,Norway,2,1,Switzerland,515,1,1713.4479086278996,1684.269348984933,29.178559642966547
2006,2006-06-11,Group Stage,Austria,Hungary,2,2,Draw,516,0,1771.1285598996242,1725.0490837553386,46.079476144285536
2006,2006-06-11,Group Stage,Denmark,Sweden,1,3,USA,517,-1,1793.1448461703333,1713.4479086278996,79.69693754243372
2006,2006-06-11,Group Stage,Norway,Denmark,2,0,Sweden,518,1,1684.269348984933,1793.1448461703333,-108.87549718540026
2006,2006-06-11,Group Stage,Uruguay,Argentina,1,3,Ghana,519,-1,1852.9983919076524,2003.862032203178,-150.86364029552556
2006,2006-06-11,Group Stage,Uruguay,Argentina,0,0,Draw,520,0,1852.9983919076524,2003.862032203178,-150.86364029552556
2006,2006-06-12,Group Stage,Argentina,Uruguay,0,3,Costa Rica,521,-1,2003.862032203178,1852.9983919076524,150.86364029552556
2006,2006-06-13,Round of 16,Argentina,Uruguay,1,2,Iran,522,-1,2003.862032203178,1852.9983919076524,150.86364029552556
2006,2006-06-13,Group Stage,Norway,Sweden,2,1,Brazil,523,1,1684.269348984933,1713.4479086278996,-29.178559642966547
2006,2006-06-13,Round of 16,Uruguay,Argentina,2,0,Egypt,524,1,1852.9983919076524,2003.862032203178,-150.86364029552556
2006,2006-06-13,Semi-finals,Argentina,Uruguay,1,1,Draw,525,0,2003.862032203178,1852.9983919076524,150.86364029552556
2006,2006-06-13,Group Stage,Austria,Hungary,1,1,Draw,526,0,1771.1285598996242,1725.0490837553386,46.079476144285536
2006,2006-06-14,Group Stage,Denmark,Norway,1,1,Draw,527,0,1793.1448461703333,1684.269348984933,108.87549718540026
2006,2006-06-14,Group Stage,Sweden,Denmark,1,1,Draw,528,0,1713.4479086278996,1793.1448461703333,-79.69693754243372
2006,2006-06-14,Group Stage,Belgium,France,2,2,Draw,529,0,1877.1811590349487,1927.3108129585455,-50.129653923596834
2006,2006-06-14,Round of 16,Hungary,Austria,0,1,Costa Rica,530,-1,1725.0490837553386,1771.1285598996242,-46.079476144285536
2006,2006-06-14,Group Stage,Guernsey,Jersey,0,1,Denmark,531,-1,1672.4050844096073,1736.0448286762935,-63.63974426668619
2006,2006-06-14,Group Stage,Brazil,Chile,2,2,Draw,532,0,1938.8764422437791,1699.6046736844194,239.27176855935977
2006,2006-06-15,Group Stage,Paraguay,Argentina,1,1,Draw,533,0,1639.7167243505069,2003.862032203178,-364.14530785267107
2006,2006-06-15,Round of 16,China PR,Philippines,2,1,Egypt,534,1,1551.8059052481922,1338.9714230793995,212.83448216879265
2006,2006-06-15,Group Stage,Argentina,Uruguay,1,1,Draw,535,0,2003.862032203178,1852.9983919076524,150.86364029552556
2006,2006-06-15,Group Stage,China PR,Philippines,3,1,Algeria,536,1,1551.8059052481922,1338.9714230793995,212.83448216879265
2006,2006-06-15,Group Stage,Paraguay,Argentina,1,1,Draw,537,0,1639.7167243505069,2003.862032203178,-364.14530785267107
2006,2006-06-16,Group Stage,China PR,Philippines,1,2,Ghana,538,-1,1551.8059052481922,1338.9714230793995,212.83448216879265
2006,2006-06-16,Group Stage,Chile,Uruguay,0,2,Costa Rica,539,-1,1699.6046736844194,1852.9983919076524,-153.393718223233
2006,2006-06-17,Group Stage,Brazil,Argentina,3,2,Switzerland,540,1,1938.8764422437791,2003.862032203178,-64.9855899593988
2006,2006-06-17,Group Stage,Paraguay,Argentina,1,3,England,541,-1,1639.7167243505069,2003.862032203178,-364.14530785267107
2006,2006-06-17,Group Stage,Argentina,Chile,1,1,Draw,542,0,2003.862032203178,1699.6046736844194,304.25735851875856
2006,2006-06-18,Group Stage,Paraguay,Argentina,2,3,Poland,543,-1,1639.7167243505069,2003.862032203178,-364.14530785267107
2006,2006-06-18,Third Place,Brazil,Uruguay,0,2,Portugal,544,-1,1938.8764422437791,1852.9983919076524,85.87805033612676
2006,2006-06-18,Quarter-finals,Brazil,Uruguay,1,0,Morocco,545,1,1938.8764422437791,1852.9983919076524,85.87805033612676
2006,2006-06-18,Quarter-finals,Sweden,Finland,2,1,Ghana,546,1,1713.4479086278996,1599.8734872945067,113.57442133339282
2006,2006-06-19,Group Stage,Brazil,Argentina,1,0,Costa Rica,547,1,1938.8764422437791,2003.862032203178,-64.9855899593988
2006,2006-06-19,Group Stage,Denmark,Sweden,2,2,Draw,548,0,1793.1448461703333,1713.4479086278996,79.69693754243372
2006,2006-06-19,Group Stage,Netherlands,Sweden,1,1,Draw,549,0,1880.9893111024703,1713.4479086278996,167.54140247457076
2006,2006-06-20,Group Stage,Denmark,Norway,2,1,France,550,1,1793.1448461703333,1684.269348984933,108.87549718540026
2006,2006-06-20,Group Stage,Norway,Sweden,2,1,Japan,551,1,1684.269348984933,1713.4479086278996,-29.178559642966547
2006,2006-06-20,Group Stage,Uruguay,Argentina,2,0,Belgium,552,1,1852.9983919076524,2003.862032203178,-150.86364029552556
2006,2006-06-20,Semi-finals,Sweden,Netherlands,0,1,Saudi Arabia,553,-1,1713.4479086278996,1880.9893111024703,-167.54140247457076
2006,2006-06-21,Group Stage,Uruguay,Argentina,1,2,Senegal,554,-1,1852.9983919076524,2003.862032203178,-150.86364029552556
2006,2006-06-21,Quarter-finals,Norway,Netherlands,1,1,Draw,555,0,1684.269348984933,1880.9893111024703,-196.7199621175373
2006,2006-06-21,Group Stage,Argentina,Uruguay,2,1,Sweden,556,1,2003.862032203178,1852.9983919076524,150.86364029552556
2006,2006-06-21,Group Stage,Sweden,Norway,3,1,France,557,1,1713.4479086278996,1684.269348984933,29.178559642966547
2006,2006-06-21,Round of 16,Norway,Denmark,1,1,Draw,558,0,1684.269348984933,1793.1448461703333,-108.87549718540026
2006,2006-06-22,Group Stage,Finland,Sweden,1,1,Draw,559,0,1599.8734872945067,1713.4479086278996,-113.57442133339282
2006,2006-06-22,Group Stage,Austria,Hungary,2,1,Ghana,560,1,1771.1285598996242,1725.0490837553386,46.079476144285536
2006,2006-06-22,Quarter-finals,Sweden,Denmark,2,0,South Korea,561,1,1713.4479086278996,1793.1448461703333,-79.69693754243372
2006,2006-06-23,Group Stage,Argentina,Uruguay,1,2,Costa Rica,562,-1,2003.862032203178,1852.9983919076524,150.86364029552556
2006,2006-06-23,Group Stage,Northern Ireland,England,2,0,Denmark,563,1,1539.345659524664,1892.7262485161677,-353.3805889915038
2006,2006-06-23,Round of 16,Hungary,Austria,1,0,Iran,564,1,1725.0490837553386,1771.1285598996242,-46.079476144285536
2006,2006-06-24,Group Stage,Uruguay,Argentina,3,1,Egypt,565,1,1852.9983919076524,2003.862032203178,-150.86364029552556
2006,2006-06-24,Final,Italy,France,1,0,South Korea,566,1,1852.784017934341,1927.3108129585455,-74.5267950242046
2006,2006-06-25,Group Stage,Northern Ireland,Wales,1,1,Draw,567,0,1539.345659524664,1687.5591280700464,-148.2134685453825
2006,2006-06-25,Group Stage,Wales,Scotland,0,1,Algeria,568,-1,1687.5591280700464,1674.8924150215541,12.666713048492284
2006,2006-06-25,Group Stage,Switzerland,France,2,1,Switzerland,569,1,1795.1524915428806,1927.3108129585455,-132.1583214156649
2006,2006-06-25,Round of 16,Scotland,Northern Ireland,0,0,Draw,570,0,1674.8924150215541,1539.345659524664,135.54675549689023
2006,2006-06-26,Group Stage,England,Wales,3,1,Italy,571,1,1892.7262485161677,1687.5591280700464,205.16712044612132
2006,2006-06-26,Group Stage,France,Belgium,1,2,Sweden,572,-1,1927.3108129585455,1877.1811590349487,50.129653923596834
2006,2006-06-26,Group Stage,Switzerland,Italy,1,2,Belgium,573,-1,1795.1524915428806,1852.784017934341,-57.631526391460284
2006,2006-06-27,Group Stage,Netherlands,Denmark,1,1,Draw,574,0,1880.9893111024703,1793.1448461703333,87.84446493213704
2006,2006-06-27,Group Stage,England,Scotland,0,2,Costa Rica,575,-1,1892.7262485161677,1674.8924150215541,217.8338334946136
2006,2006-06-27,Group Stage,Guernsey,Jersey,1,2,France,576,-1,1672.4050844096073,1736.0448286762935,-63.63974426668619
2010,2010-06-10,Group Stage,Alderney,Guernsey,1,0,Cameroon,577,1,1183.2171261336912,1672.4050844096073,-489.1879582759161
2010,2010-06-10,Group Stage,Austria,Hungary,1,0,Netherlands,578,1,1771.1285598996242,1725.0490837553386,46.079476144285536
2010,2010-06-10,Final,Italy,Netherlands,2,0,Switzerland,579,1,1852.784017934341,1880.9893111024703,-28.2052931681294
2010,2010-06-10,Group Stage,Switzerland,Netherlands,1,0,Costa Rica,580,1,1795.1524915428806,1880.9893111024703,-85.83681955958969
2010,2010-06-11,Group Stage,Sweden,Finland,2,0,USA,581,1,1713.4479086278996,1599.8734872945067,113.57442133339282
2010,2010-06-11,Group Stage,Sweden,Switzerland,0,1,England,582,-1,1713.4479086278996,1795.1524915428806,-81.70458291498107
2010,2010-06-11,Group Stage,Norway,Denmark,3,1,Portugal,583,1,1684.269348984933,1793.1448461703333,-108.87549718540026
2010,2010-06-11,Group Stage,Norway,Sweden,1,3,Iran,584,-1,1684.269348984933,1713.4479086278996,-29.178559642966547
2010,2010-06-11,Round of 16,Switzerland,Germany,0,1,Netherlands,585,-1,1795.1524915428806,1860.7993981970683,-65.64690665418766
2010,2010-06-11,Group Stage,Uruguay,Argentina,2,1,Sweden,586,1,1852.9983919076524,2003.862032203178,-150.86364029552556
2010,2010-06-11,Group Stage,Argentina,Uruguay,1,2,Mexico,587,-1,2003.862032203178,1852.9983919076524,150.86364029552556
2010,2010-06-12,Semi-finals,Argentina,Uruguay,2,2,Draw,588,0,2003.862032203178,1852.9983919076524,150.86364029552556
2010,2010-06-12,Group Stage,Chile,Brazil,2,2,Draw,589,0,1699.6046736844194,1938.8764422437791,-239.27176855935977
2010,2010-06-12,Round of 16,Uruguay,Argentina,1,2,Sweden,590,-1,1852.9983919076524,2003.862032203178,-150.86364029552556
2010,2010-06-12,Group Stage,Brazil,Uruguay,0,1,Egypt,591,-1,1938.8764422437791,1852.9983919076524,85.87805033612676
2010,2010-06-12,Group Stage,Finland,Sweden,2,0,Denmark,592,1,1599.8734872945067,1713.4479086278996,-113.57442133339282
2010,2010-06-13,Group Stage,Chile,Argentina,3,2,Nigeria,593,1,1699.6046736844194,2003.862032203178,-304.25735851875856
2010,2010-06-13,Group Stage,Argentina,Brazil,1,0,Egypt,594,1,2003.862032203178,1938.8764422437791,64.9855899593988
2010,2010-06-13,Group Stage,Austria,Germany,1,1,Draw,595,0,1771.1285598996242,1860.7993981970683,-89.6708382974441
2010,2010-06-13,Group Stage,Sweden,Norway,1,0,Australia,596,1,1713.4479086278996,1684.269348984933,29.178559642966547
2010,2010-06-14,Group Stage,Chile,Uruguay,2,2,Draw,597,0,1699.6046736844194,1852.9983919076524,-153.393718223233
2010,2010-06-14,Group Stage,Sweden,Denmark,1,3,Cameroon,598,-1,1713.4479086278996,1793.1448461703333,-79.69693754243372
2010,2010-06-15,Group Stage,Finland,Estonia,2,0,Sweden,599,1,1599.8734872945067,1451.9146068867092,147.95888040779755
2010,2010-06-15,Group Stage,England,Northern Ireland,0,1,Germany,600,-1,1892.7262485161677,1539.345659524664,353.3805889915038
2010,2010-06-15,Group Stage,Germany,Hungary,1,2,Netherlands,601,-1,1860.7993981970683,1725.0490837553386,135.75031444172964
2010,2010-06-15,Group Stage,Hungary,Austria,0,1,Sweden,602,-1,1725.0490837553386,1771.1285598996242,-46.079476144285536
2010,2010-06-16,Group Stage,Scotland,Wales,3,2,Cameroon,603,1,1674.8924150215541,1687.5591280700464,-12.666713048492284
2010,2010-06-16,Third Place,France,Italy,1,1,Draw,604,0,1927.3108129585455,1852.784017934341,74.5267950242046
2010,2010-06-16,Round of 16,Northern Ireland,Scotland,0,1,Argentina,605,-1,1539.345659524664,1674.8924150215541,-135.54675549689023
2010,2010-06-17,Round of 16,Belgium,France,0,2,Italy,606,-1,1877.1811590349487,1927.3108129585455,-50.129653923596834
2010,2010-06-18,Group Stage,Italy,Switzerland,0,2,Saudi Arabia,607,-1,1852.784017934341,1795.1524915428806,57.631526391460284
2010,2010-06-18,Group Stage,Wales,England,3,1,Nigeria,608,1,1687.5591280700464,1892.7262485161677,-205.16712044612132
2010,2010-06-19,Quarter-finals,Austria,Sweden,0,0,Draw,609,0,1771.1285598996242,1713.4479086278996,57.68065127172463
2010,2010-06-19,Quarter-finals,Guernsey,Alderney,0,1,Japan,610,-1,1672.4050844096073,1183.2171261336912,489.1879582759161
2010,2010-06-20,Group Stage,Catalonia,Provence,3,2,Switzerland,611,1,1630.4523390028744,1457.762624241367,172.6897147615075
2010,2010-06-20,Round of 16,Catalonia,Provence,1,0,Senegal,612,1,1630.4523390028744,1457.762624241367,172.6897147615075
2010,2010-06-20,Round of 16,Paraguay,Argentina,0,1,Croatia,613,-1,1639.7167243505069,2003.862032203178,-364.14530785267107
2010,2010-06-20,Group Stage,Jersey,Alderney,1,3,Nigeria,614,-1,1736.0448286762935,1183.2171261336912,552.8277025426023
2010,2010-06-20,Group Stage,Scotland,England,1,1,Draw,615,0,1674.8924150215541,1892.7262485161677,-217.8338334946136
2010,2010-06-20,Group Stage,Wales,Northern Ireland,1,2,Ghana,616,-1,1687.5591280700464,1539.345659524664,148.2134685453825
2010,2010-06-21,Group Stage,Paraguay,Argentina,1,1,Draw,617,0,1639.7167243505069,2003.862032203178,-364.14530785267107
2010,2010-06-21,Round of 16,Austria,Hungary,2,2,Draw,618,0,1771.1285598996242,1725.0490837553386,46.079476144285536
2010,2010-06-22,Group Stage,Guernsey,Jersey,1,1,Draw,619,0,1672.4050844096073,1736.0448286762935,-63.63974426668619
2010,2010-06-22,Quarter-finals,Switzerland,Austria,0,1,Ghana,620,-1,1795.1524915428806,1771.1285598996242,24.023931643256446
2010,2010-06-22,Quarter-finals,Belgium,Italy,1,0,Sweden,621,1,1877.1811590349487,1852.784017934341,24.39714110060777
2010,2010-06-23,Group Stage,Germany,Austria,1,1,Draw,622,0,1860.7993981970683,1771.1285598996242,89.6708382974441
2010,2010-06-23,Group Stage,Netherlands,Italy,3,0,Ghana,623,1,1880.9893111024703,1852.784017934341,28.2052931681294
2010,2010-06-23,Group Stage,Belgium,Netherlands,0,2,Poland,624,-1,1877.1811590349487,1880.9893111024703,-3.8081520675216325
2010,2010-06-23,Semi-finals,Belgium,England,1,1,Draw,625,0,1877.1811590349487,1892.7262485161677,-15.545089481219065
2010,2010-06-23,Group Stage,Norway,Finland,2,3,France,626,-1,1684.269348984933,1599.8734872945067,84.39586169042627
2010,2010-06-23,Group Stage,Sweden,Finland,3,1,Ghana,627,1,1713.4479086278996,1599.8734872945067,113.57442133339282
2010,2010-06-23,Group Stage,Japan,Philippines,1,0,Belgium,628,1,1833.775871233576,1338.9714230793995,494.8044481541765
2010,2010-06-23,Round of 16,Philippines,Japan,0,1,Costa Rica,629,-1,1338.9714230793995,1833.775871233576,-494.8044481541765
2010,2010-06-24,Group Stage,China PR,Philippines,2,2,Draw,630,0,1551.8059052481922,1338.9714230793995,212.83448216879265
2010,2010-06-25,Group Stage,China PR,Japan,0,1,Uruguay,631,-1,1551.8059052481922,1833.775871233576,-281.96996598538385
2010,2010-06-25,Group Stage,China PR,Japan,1,0,Spain,632,1,1551.8059052481922,1833.775871233576,-281.96996598538385
2010,2010-06-25,Group Stage,Hungary,Germany,2,0,USA,633,1,1725.0490837553386,1860.7993981970683,-135.75031444172964
2010,2010-06-25,Group Stage,Denmark,Netherlands,2,3,Portugal,634,-1,1793.1448461703333,1880.9893111024703,-87.84446493213704
2010,2010-06-25,Group Stage,Norway,Sweden,0,1,Spain,635,-1,1684.269348984933,1713.4479086278996,-29.178559642966547
2010,2010-06-26,Group Stage,Canada,Scotland,1,2,Switzerland,636,-1,1700.0614843959368,1674.8924150215541,25.169069374382616
2010,2010-06-26,Group Stage,Estonia,Sweden,2,0,Italy,637,1,1451.9146068867092,1713.4479086278996,-261.53330174119037
2010,2010-06-27,Group Stage,Sweden,Austria,3,2,Mexico,638,1,1713.4479086278996,1771.1285598996242,-57.68065127172463
2010,2010-06-27,Group Stage,Finland,Austria,1,1,Draw,639,0,1599.8734872945067,1771.1285598996242,-171.25507260511745
2010,2010-06-27,Group Stage,Estonia,Finland,2,3,Germany,640,-1,1451.9146068867092,1599.8734872945067,-147.95888040779755
2014,2014-06-10,Group Stage,Costa Rica,El Salvador,0,0,Draw,641,0,1666.0933795932942,1473.574240474506,192.5191391187882
2014,2014-06-10,Group Stage,Finland,Germany,2,2,Draw,642,0,1599.8734872945067,1860.7993981970683,-260.92591090256155
2014,2014-06-10,Quarter-finals,Guatemala,Costa Rica,1,0,Croatia,643,1,1555.1332504279294,1666.0933795932942,-110.96012916536483
2014,2014-06-11,Group Stage,Sweden,Norway,1,1,Draw,644,0,1713.4479086278996,1684.269348984933,29.178559642966547
2014,2014-06-11,Round of 16,Argentina,Brazil,2,0,Tunisia,645,1,2003.862032203178,1938.8764422437791,64.9855899593988
2014,2014-06-11,Group Stage,Denmark,Norway,0,3,Japan,646,-1,1793.1448461703333,1684.269348984933,108.87549718540026
2014,2014-06-11,Round of 16,Paraguay,Uruguay,1,1,Draw,647,0,1639.7167243505069,1852.9983919076524,-213.2816675571455
2014,2014-06-12,Quarter-finals,Sweden,Denmark,1,0,Morocco,648,1,1713.4479086278996,1793.1448461703333,-79.69693754243372
2014,2014-06-12,Group Stage,Brazil,Paraguay,1,0,Argentina,649,1,1938.8764422437791,1639.7167243505069,299.1597178932723
2014,2014-06-12,Group Stage,Argentina,Paraguay,0,1,Italy,650,-1,2003.862032203178,1639.7167243505069,364.14530785267107
2014,2014-06-13,Group Stage,Northern Ireland,England,0,2,Saudi Arabia,651,-1,1539.345659524664,1892.7262485161677,-353.3805889915038
2014,2014-06-13,Group Stage,Brazil,Uruguay,0,2,Egypt,652,-1,1938.8764422437791,1852.9983919076524,85.87805033612676
2014,2014-06-14,Group Stage,Czechoslovakia,Yugoslavia,1,1,Draw,653,0,1664.11040044332,1666.6978935516956,-2.587493108375611
2014,2014-06-14,Group Stage,Argentina,Uruguay,0,2,Switzerland,654,-1,2003.862032203178,1852.9983919076524,150.86364029552556
2014,2014-06-15,Group Stage,Uruguay,Paraguay,0,2,Sweden,655,-1,1852.9983919076524,1639.7167243505069,213.2816675571455
2014,2014-06-15,Group Stage,Hungary,Sweden,2,1,Portugal,656,1,1725.0490837553386,1713.4479086278996,11.601175127439092
2014,2014-06-15,Round of 16,Switzerland,Italy,1,1,Draw,657,0,1795.1524915428806,1852.784017934341,-57.631526391460284
2014,2014-06-16,Group Stage,Czechoslovakia,Sweden,1,0,Uruguay,658,1,1664.11040044332,1713.4479086278996,-49.33750818457952
2014,2014-06-16,Group Stage,France,Netherlands,1,3,Switzerland,659,-1,1927.3108129585455,1880.9893111024703,46.3215018560752
2014,2014-06-16,Group Stage,Hungary,Poland,0,1,Sweden,660,-1,1725.0490837553386,1737.145035271504,-12.095951516165314
2014,2014-06-16,Group Stage,Spain,Portugal,1,2,Cameroon,661,-1,1963.976095422408,1872.8081545448338,91.16794087757421
2014,2014-06-16,Group Stage,France,Belgium,1,1,Draw,662,0,1927.3108129585455,1877.1811590349487,50.129653923596834
2014,2014-06-17,Group Stage,Italy,Austria,3,2,Croatia,663,1,1852.784017934341,1771.1285598996242,81.65545803471673
2014,2014-06-18,Group Stage,Wales,Scotland,2,2,Draw,664,0,1687.5591280700464,1674.8924150215541,12.666713048492284
2014,2014-06-18,Group Stage,Italy,Czechoslovakia,0,1,Nigeria,665,-1,1852.784017934341,1664.11040044332,188.67361749102088
2014,2014-06-18,Group Stage,Scotland,Northern Ireland,1,1,Draw,666,0,1674.8924150215541,1539.345659524664,135.54675549689023
2014,2014-06-18,Group Stage,Brittany,Luxembourg,1,0,Egypt,667,1,1522.3841746649296,1456.2114767880091,66.17269787692044
2014,2014-06-19,Third Place,England,Wales,1,0,Mexico,668,1,1892.7262485161677,1687.5591280700464,205.16712044612132
2014,2014-06-19,Group Stage,Belgium,Netherlands,2,0,Australia,669,1,1877.1811590349487,1880.9893111024703,-3.8081520675216325
2014,2014-06-19,Group Stage,Germany,Switzerland,2,2,Draw,670,0,1860.7993981970683,1795.1524915428806,65.64690665418766
2014,2014-06-20,Group Stage,Guernsey,Alderney,2,0,Saudi Arabia,671,1,1672.4050844096073,1183.2171261336912,489.1879582759161
2014,2014-06-20,Final,England,Scotland,1,1,Draw,672,0,1892.7262485161677,1674.8924150215541,217.8338334946136
2014,2014-06-21,Semi-finals,Belgium,Denmark,0,0,Draw,673,0,1877.1811590349487,1793.1448461703333,84.03631286461541
2014,2014-06-21,Group Stage,Netherlands,Denmark,3,0,Sweden,674,1,1880.9893111024703,1793.1448461703333,87.84446493213704
2014,2014-06-21,Group Stage,Guernsey,Alderney,2,2,Draw,675,0,1672.4050844096073,1183.2171261336912,489.1879582759161
2014,2014-06-21,Round of 16,Austria,Germany,0,1,Denmark,676,-1,1771.1285598996242,1860.7993981970683,-89.6708382974441
2014,2014-06-21,Group Stage,Jersey,Guernsey,0,1,Egypt,677,-1,1736.0448286762935,1672.4050844096073,63.63974426668619
2014,2014-06-22,Group Stage,France,Spain,1,1,Draw,678,0,1927.3108129585455,1963.976095422408,-36.66528246386247
2014,2014-06-22,Round of 16,Hungary,Austria,2,2,Draw,679,0,1725.0490837553386,1771.1285598996242,-46.079476144285536
2014,2014-06-22,Group Stage,Netherlands,Belgium,1,3,France,680,-1,1880.9893111024703,1877.1811590349487,3.8081520675216325
2014,2014-06-22,Group Stage,Poland,Hungary,0,1,Argentina,681,-1,1737.145035271504,1725.0490837553386,12.095951516165314
2014,2014-06-23,Group Stage,Italy,Belgium,1,3,Nigeria,682,-1,1852.784017934341,1877.1811590349487,-24.39714110060777
2014,2014-06-23,Group Stage,Norway,Northern Ireland,1,1,Draw,683,0,1684.269348984933,1539.345659524664,144.9236894602691
2014,2014-06-23,Group Stage,Sweden,Poland,1,3,Morocco,684,-1,1713.4479086278996,1737.145035271504,-23.697126643604406
2014,2014-06-23,Round of 16,Finland,Sweden,0,2,Italy,685,-1,1599.8734872945067,1713.4479086278996,-113.57442133339282
2014,2014-06-24,Semi-finals,Yugoslavia,Romania,1,0,Croatia,686,1,1666.6978935516956,1642.4320360193155,24.265857532380096
2014,2014-06-24,Group Stage,Austria,Switzerland,1,0,Netherlands,687,1,1771.1285598996242,1795.1524915428806,-24.023931643256446
2014,2014-06-24,Quarter-finals,Denmark,Czechoslovakia,0,1,Switzerland,688,-1,1793.1448461703333,1664.11040044332,129.03444572701324
2014,2014-06-24,Group Stage,Norway,France,3,2,Morocco,689,1,1684.269348984933,1927.3108129585455,-243.0414639736125
2014,2014-06-24,Group Stage,Hungary,Switzerland,1,3,Japan,690,-1,1725.0490837553386,1795.1524915428806,-70.10340778754198
2014,2014-06-24,Group Stage,New Zealand,Australia,3,1,Italy,691,1,1606.4368636923302,1767.7128901889723,-161.2760264966421
2014,2014-06-25,Group Stage,New Zealand,Australia,0,0,Draw,692,0,1606.4368636923302,1767.7128901889723,-161.2760264966421
2014,2014-06-25,Round of 16,Yugoslavia,Czechoslovakia,2,0,Morocco,693,1,1666.6978935516956,1664.11040044332,2.587493108375611
2014,2014-06-25,Group Stage,Germany,Hungary,2,1,Tunisia,694,1,1860.7993981970683,1725.0490837553386,135.75031444172964
2014,2014-06-25,Group Stage,New Zealand,Australia,1,2,USA,695,-1,1606.4368636923302,1767.7128901889723,-161.2760264966421
2014,2014-06-25,Group Stage,Sweden,Hungary,1,1,Draw,696,0,1713.4479086278996,1725.0490837553386,-11.601175127439092
2014,2014-06-25,Quarter-finals,Finland,Hungary,1,2,Egypt,697,-1,1599.8734872945067,1725.0490837553386,-125.17559646083191
2014,2014-06-26,Group Stage,Finland,Estonia,0,2,Costa Rica,698,-1,1599.8734872945067,1451.9146068867092,147.95888040779755
2014,2014-06-26,Group Stage,Sweden,Czechoslovakia,3,1,France,699,1,1713.4479086278996,1664.11040044332,49.33750818457952
2014,2014-06-26,Group Stage,Sweden,Norway,1,2,Sweden,700,-1,1713.4479086278996,1684.269348984933,29.178559642966547
2014,2014-06-27,Round of 16,Finland,Norway,1,1,Draw,701,0,1599.8734872945067,1684.269348984933,-84.39586169042627
2014,2014-06-27,Group Stage,Romania,Poland,2,1,Netherlands,702,1,1642.4320360193155,1737.145035271504,-94.71299925218841
2014,2014-06-27,Group Stage,Norway,Denmark,1,1,Draw,703,0,1684.269348984933,1793.1448461703333,-108.87549718540026
2014,2014-06-27,Group Stage,Brazil,Chile,2,1,Germany,704,1,1938.8764422437791,1699.6046736844194,239.27176855935977
2018,2018-06-10,Group Stage,Chile,Uruguay,0,0,Draw,705,0,1699.6046736844194,1852.9983919076524,-153.393718223233
2018,2018-06-10,Group Stage,Austria,Hungary,1,0,Brazil,706,1,1771.1285598996242,1725.0490837553386,46.079476144285536
2018,2018-06-10,Group Stage,Brazil,Paraguay,2,0,Ghana,707,1,1938.8764422437791,1639.7167243505069,299.1597178932723
2018,2018-06-10,Group Stage,Latvia,Estonia,2,1,Belgium,708,1,1383.9020541778516,1451.9146068867092,-68.01255270885758
2018,2018-06-11,Group Stage,Norway,Sweden,1,2,Algeria,709,-1,1684.269348984933,1713.4479086278996,-29.178559642966547
2018,2018-06-12,Semi-finals,Argentina,Chile,1,1,Draw,710,0,2003.862032203178,1699.6046736844194,304.25735851875856
2018,2018-06-12,Group Stage,Brazil,Uruguay,1,2,Costa Rica,711,-1,1938.8764422437791,1852.9983919076524,85.87805033612676
2018,2018-06-12,Round of 16,Denmark,Sweden,1,1,Draw,712,0,1793.1448461703333,1713.4479086278996,79.69693754243372
2018,2018-06-13,Group Stage,Yugoslavia,Poland,0,0,Draw,713,0,1666.6978935516956,1737.145035271504,-70.44714171980831
2018,2018-06-14,Third Place,Chile,Paraguay,1,2,Ghana,714,-1,1699.6046736844194,1639.7167243505069,59.8879493339125
2018,2018-06-14,Group Stage,Argentina,Uruguay,1,1,Draw,715,0,2003.862032203178,1852.9983919076524,150.86364029552556
2018,2018-06-14,Quarter-finals,Paraguay,Uruguay,1,1,Draw,716,0,1639.7167243505069,1852.9983919076524,-213.2816675571455
2018,2018-06-15,Group Stage,Brazil,Argentina,1,0,Germany,717,1,1938.8764422437791,2003.862032203178,-64.9855899593988
2018,2018-06-15,Group Stage,Argentina,Paraguay,2,0,Senegal,718,1,2003.862032203178,1639.7167243505069,364.14530785267107
2018,2018-06-15,Group Stage,England,Northern Ireland,1,2,Netherlands,719,-1,1892.7262485161677,1539.345659524664,353.3805889915038
2018,2018-06-15,Round of 16,Argentina,Chile,1,2,Iran,720,-1,2003.862032203178,1699.6046736844194,304.25735851875856
2018,2018-06-15,Round of 16,Brazil,Paraguay,1,0,Iran,721,1,1938.8764422437791,1639.7167243505069,299.1597178932723
2018,2018-06-16,Round of 16,Brazil,Argentina,1,1,Draw,722,0,1938.8764422437791,2003.862032203178,-64.9855899593988
2018,2018-06-16,Quarter-finals,Brazil,Paraguay,0,2,Sweden,723,-1,1938.8764422437791,1639.7167243505069,299.1597178932723
2018,2018-06-16,Group Stage,Uruguay,Argentina,1,2,Argentina,724,-1,1852.9983919076524,2003.862032203178,-150.86364029552556
2018,2018-06-16,Group Stage,Switzerland,Netherlands,3,2,Iran,725,1,1795.1524915428806,1880.9893111024703,-85.83681955958969
2018,2018-06-16,Group Stage,Galicia,Central Spain,0,3,England,726,-1,1530.2137172802788,1500.55049469111,29.663222589168754
2018,2018-06-16,Group Stage,Hungary,Austria,1,0,Algeria,727,1,1725.0490837553386,1771.1285598996242,-46.079476144285536
2018,2018-06-16,Group Stage,Italy,Switzerland,1,2,Tunisia,728,-1,1852.784017934341,1795.1524915428806,57.631526391460284
2018,2018-06-17,Group Stage,Uruguay,Argentina,1,3,Ghana,729,-1,1852.9983919076524,2003.862032203178,-150.86364029552556
2018,2018-06-17,Group Stage,Argentina,Uruguay,1,2,Morocco,730,-1,2003.862032203178,1852.9983919076524,150.86364029552556
2018,2018-06-17,Group Stage,Portugal,Spain,0,0,Draw,731,0,1872.8081545448338,1963.976095422408,-91.16794087757421
2018,2018-06-17,Quarter-finals,Guatemala,Mexico,2,0,South Korea,732,1,1555.1332504279294,1756.2627283121506,-201.12947788422116
2018,2018-06-17,Group Stage,Italy,Germany,0,2,Italy,733,-1,1852.784017934341,1860.7993981970683,-8.015380262727376
2018,2018-06-17,Group Stage,Guatemala,Mexico,1,2,Australia,734,-1,1555.1332504279294,1756.2627283121506,-201.12947788422116
2018,2018-06-18,Group Stage,Guatemala,Mexico,0,1,England,735,-1,1555.1332504279294,1756.2627283121506,-201.12947788422116
2018,2018-06-18,Group Stage,Andalusia,Galicia,3,1,Poland,736,1,1581.9375428818116,1530.2137172802788,51.72382560153278
2018,2018-06-18,Group Stage,Switzerland,Austria,1,3,Switzerland,737,-1,1795.1524915428806,1771.1285598996242,24.023931643256446
2018,2018-06-18,Group Stage,Spain,France,1,1,Draw,738,0,1963.976095422408,1927.3108129585455,36.66528246386247
2018,2018-06-20,Group Stage,Belgium,Spain,1,1,Draw,739,0,1877.1811590349487,1963.976095422408,-86.7949363874593
2018,2018-06-20,Group Stage,Luxembourg,Brittany,2,1,Saudi Arabia,740,1,1456.2114767880091,1522.3841746649296,-66.17269787692044
2018,2018-06-20,Group Stage,Belgium,France,1,0,Denmark,741,1,1877.1811590349487,1927.3108129585455,-50.129653923596834
2018,2018-06-20,Group Stage,Galicia,Asturias,1,1,Draw,742,0,1530.2137172802788,1510.56675634087,19.646960939408928
2018,2018-06-20,Group Stage,Northern Ireland,Scotland,2,0,Denmark,743,1,1539.345659524664,1674.8924150215541,-135.54675549689023
2018,2018-06-21,Group Stage,Italy,Hungary,1,1,Draw,744,0,1852.784017934341,1725.0490837553386,127.73493417900227
2018,2018-06-22,Group Stage,Wales,England,3,1,Argentina,745,1,1687.5591280700464,1892.7262485161677,-205.16712044612132
2018,2018-06-23,Round of 16,Switzerland,Hungary,1,0,USA,746,1,1795.1524915428806,1725.0490837553386,70.10340778754198
2018,2018-06-23,Group Stage,Scotland,Wales,2,3,Ghana,747,-1,1674.8924150215541,1687.5591280700464,-12.666713048492284
2018,2018-06-23,Group Stage,England,Belgium,0,0,Draw,748,0,1892.7262485161677,1877.1811590349487,15.545089481219065
2018,2018-06-23,Group Stage,Netherlands,France,2,0,Uruguay,749,1,1880.9893111024703,1927.3108129585455,-46.3215018560752
2018,2018-06-23,Group Stage,Guernsey,Alderney,1,2,England,750,-1,1672.4050844096073,1183.2171261336912,489.1879582759161
2018,2018-06-23,Group Stage,Jersey,Guernsey,1,1,Draw,751,0,1736.0448286762935,1672.4050844096073,63.63974426668619
2018,2018-06-23,Group Stage,Scotland,England,1,1,Draw,752,0,1674.8924150215541,1892.7262485161677,-217.8338334946136
2018,2018-06-23,Final,Wales,Northern Ireland,1,0,Argentina,753,1,1687.5591280700464,1539.345659524664,148.2134685453825
2018,2018-06-23,Group Stage,Austria,Italy,0,1,Sweden,754,-1,1771.1285598996242,1852.784017934341,-81.65545803471673
2018,2018-06-24,Group Stage,France,Switzerland,0,1,Mexico,755,-1,1927.3108129585455,1795.1524915428806,132.1583214156649
2018,2018-06-24,Round of 16,Guernsey,Alderney,1,2,Portugal,756,-1,1672.4050844096073,1183.2171261336912,489.1879582759161
2018,2018-06-25,Group Stage,Netherlands,Belgium,2,0,England,757,1,1880.9893111024703,1877.1811590349487,3.8081520675216325
2018,2018-06-26,Group Stage,Austria,Hungary,0,1,Mexico,758,-1,1771.1285598996242,1725.0490837553386,46.079476144285536
2018,2018-06-26,Group Stage,Czechoslovakia,Denmark,2,1,South Korea,759,1,1664.11040044332,1793.1448461703333,-129.03444572701324
2018,2018-06-26,Group Stage,France,England,1,0,Brazil,760,1,1927.3108129585455,1892.7262485161677,34.58456444237777
2018,2018-06-27,Group Stage,Germany,Netherlands,2,0,USA,761,1,1860.7993981970683,1880.9893111024703,-20.189912905402025
2018,2018-06-27,Semi-finals,Argentina,Paraguay,0,1,England,762,-1,2003.862032203178,1639.7167243505069,364.14530785267107
2018,2018-06-27,Group Stage,Sweden,England,0,3,Poland,763,-1,1713.4479086278996,1892.7262485161677,-179.2783398882682
2018,2018-06-27,Quarter-finals,China PR,Philippines,0,2,Denmark,764,-1,1551.8059052481922,1338.9714230793995,212.83448216879265
2018,2018-06-27,Round of 16,China PR,Philippines,1,1,Draw,765,0,1551.8059052481922,1338.9714230793995,212.83448216879265
2018,2018-06-27,Group Stage,Japan,Philippines,0,2,Australia,766,-1,1833.775871233576,1338.9714230793995,494.8044481541765
2018,2018-06-27,Round of 16,Japan,China PR,1,1,Draw,767,0,1833.775871233576,1551.8059052481922,281.96996598538385
2018,2018-06-27,Group Stage,Sweden,England,1,2,Italy,768,-1,1713.4479086278996,1892.7262485161677,-179.2783398882682
2022,2022-11-10,Group Stage,Japan,China PR,0,3,Sweden,769,-1,1833.775871233576,1551.8059052481922,281.96996598538385
2022,2022-11-10,Group Stage,Argentina,Paraguay,2,1,Portugal,770,1,2003.862032203178,1639.7167243505069,364.14530785267107
2022,2022-11-10,Round of 16,Czechoslovakia,Italy,1,1,Draw,771,0,1664.11040044332,1852.784017934341,-188.67361749102088
2022,2022-11-11,Group Stage,Poland,Yugoslavia,2,1,Poland,772,1,1737.145035271504,1666.6978935516956,70.44714171980831
2022,2022-11-11,Group Stage,Switzerland,Germany,0,2,Germany,773,-1,1795.1524915428806,1860.7993981970683,-65.64690665418766
2022,2022-11-12,Group Stage,Australia,New Zealand,2,1,Poland,774,1,1767.7128901889723,1606.4368636923302,161.2760264966421
2022,2022-11-12,Group Stage,Romania,Yugoslavia,0,1,Japan,775,-1,1642.4320360193155,1666.6978935516956,-24.265857532380096
2022,2022-11-12,Group Stage,Sweden,Austria,3,3,Draw,776,0,1713.4479086278996,1771.1285598996242,-57.68065127172463
2022,2022-11-12,Group Stage,Australia,New Zealand,0,1,Brazil,777,-1,1767.7128901889723,1606.4368636923302,161.2760264966421
2022,2022-11-12,Group Stage,Denmark,Switzerland,1,1,Draw,778,0,1793.1448461703333,1795.1524915428806,-2.0076453725473584
2022,2022-11-12,Semi-finals,Norway,Finland,0,1,Denmark,779,-1,1684.269348984933,1599.8734872945067,84.39586169042627
2022,2022-11-13,Group Stage,Sweden,Finland,2,0,Netherlands,780,1,1713.4479086278996,1599.8734872945067,113.57442133339282
2022,2022-11-13,Group Stage,Norway,Switzerland,1,0,Cameroon,781,1,1684.269348984933,1795.1524915428806,-110.88314255794762
2022,2022-11-13,Group Stage,Argentina,Uruguay,1,0,Japan,782,1,2003.862032203178,1852.9983919076524,150.86364029552556
2022,2022-11-14,Group Stage,Lithuania,Estonia,1,3,USA,783,-1,1392.6015277849276,1451.9146068867092,-59.31307910178157
2022,2022-11-15,Group Stage,Sweden,Germany,1,1,Draw,784,0,1713.4479086278996,1860.7993981970683,-147.35148956916873
2022,2022-11-15,Quarter-finals,Australia,New Zealand,1,0,Switzerland,785,1,1767.7128901889723,1606.4368636923302,161.2760264966421
2022,2022-11-15,Quarter-finals,Romania,Czechoslovakia,2,1,Japan,786,1,1642.4320360193155,1664.11040044332,-21.678364424004485
2022,2022-11-15,Group Stage,Argentina,Uruguay,0,2,Denmark,787,-1,2003.862032203178,1852.9983919076524,150.86364029552556
2022,2022-11-16,Group Stage,Uruguay,Argentina,1,2,Switzerland,788,-1,1852.9983919076524,2003.862032203178,-150.86364029552556
2022,2022-11-16,Group Stage,Estonia,Latvia,3,2,Poland,789,1,1451.9146068867092,1383.9020541778516,68.01255270885758
2022,2022-11-16,Group Stage,Germany,Finland,2,1,Iran,790,1,1860.7993981970683,1599.8734872945067,260.92591090256155
2022,2022-11-16,Group Stage,Austria,Finland,1,1,Draw,791,0,1771.1285598996242,1599.8734872945067,171.25507260511745
2022,2022-11-16,Group Stage,Hungary,Finland,1,1,Draw,792,0,1725.0490837553386,1599.8734872945067,125.17559646083191
2022,2022-11-17,Group Stage,Poland,Romania,2,3,Brazil,793,-1,1737.145035271504,1642.4320360193155,94.71299925218841
2022,2022-11-17,Group Stage,Norway,Sweden,2,3,Ghana,794,-1,1684.269348984933,1713.4479086278996,-29.178559642966547
2022,2022-11-17,Third Place,Estonia,Russia,1,2,Argentina,795,-1,1451.9146068867092,1735.2107245284092,-283.2961176417
2022,2022-11-18,Group Stage,Finland,Poland,0,1,Senegal,796,-1,1599.8734872945067,1737.145035271504,-137.27154797699723
2022,2022-11-18,Group Stage,Hungary,Austria,0,1,Italy,797,-1,1725.0490837553386,1771.1285598996242,-46.079476144285536
2022,2022-11-18,Group Stage,Estonia,Poland,1,1,Draw,798,0,1451.9146068867092,1737.145035271504,-285.2304283847948
2022,2022-11-18,Round of 16,Denmark,Norway,1,2,Uruguay,799,-1,1793.1448461703333,1684.269348984933,108.87549718540026
2022,2022-11-18,Group Stage,Estonia,Finland,2,2,Draw,800,0,1451.9146068867092,1599.8734872945067,-147.95888040779755
2022,2022-11-18,Semi-finals,Uruguay,Argentina,1,0,Germany,801,1,1852.9983919076524,2003.862032203178,-150.86364029552556
2022,2022-11-19,Group Stage,Sweden,Denmark,1,0,Australia,802,1,1713.4479086278996,1793.1448461703333,-79.69693754243372
2022,2022-11-19,Group Stage,Northern Ireland,England,0,0,Draw,803,0,1539.345659524664,1892.7262485161677,-353.3805889915038
2022,2022-11-19,Group Stage,Turkey,Romania,2,1,Argentina,804,1,1725.7827202495778,1642.4320360193155,83.35068423026223
2022,2022-11-19,Group Stage,Czechoslovakia,Yugoslavia,2,0,England,805,1,1664.11040044332,1666.6978935516956,-2.587493108375611
2022,2022-11-19,Group Stage,France,Norway,1,0,Brazil,806,1,1927.3108129585455,1684.269348984933,243.0414639736125
2022,2022-11-19,Quarter-finals,Hungary,Sweden,1,1,Draw,807,0,1725.0490837553386,1713.4479086278996,11.601175127439092
2022,2022-11-20,Group Stage,Argentina,Paraguay,3,3,Draw,808,0,2003.862032203178,1639.7167243505069,364.14530785267107
2022,2022-11-21,Group Stage,Belgium,England,2,1,Croatia,809,1,1877.1811590349487,1892.7262485161677,-15.545089481219065
2022,2022-11-21,Group Stage,Poland,Sweden,2,1,Nigeria,810,1,1737.145035271504,1713.4479086278996,23.697126643604406
2022,2022-11-22,Group Stage,Brittany,Norway,1,0,Iran,811,1,1522.3841746649296,1684.269348984933,-161.88517432000344
2022,2022-11-22,Group Stage,Germany,Norway,2,0,Japan,812,1,1860.7993981970683,1684.269348984933,176.53004921213528
2022,2022-11-22,Quarter-finals,Uruguay,Paraguay,1,2,Egypt,813,-1,1852.9983919076524,1639.7167243505069,213.2816675571455
2022,2022-11-23,Round of 16,Brazil,Paraguay,2,0,Japan,814,1,1938.8764422437791,1639.7167243505069,299.1597178932723
2022,2022-11-23,Final,Argentina,Brazil,1,0,Algeria,815,1,2003.862032203178,1938.8764422437791,64.9855899593988
2022,2022-11-23,Group Stage,Brazil,Paraguay,1,1,Draw,816,0,1938.8764422437791,1639.7167243505069,299.1597178932723
2022,2022-11-24,Group Stage,Netherlands,Switzerland,1,2,Australia,817,-1,1880.9893111024703,1795.1524915428806,85.83681955958969
2022,2022-11-24,Group Stage,Uruguay,Brazil,0,2,Italy,818,-1,1852.9983919076524,1938.8764422437791,-85.87805033612676
2022,2022-11-24,Group Stage,Central Spain,Galicia,2,0,Algeria,819,1,1500.55049469111,1530.2137172802788,-29.663222589168754
2022,2022-11-24,Group Stage,Argentina,Brazil,3,1,Spain,820,1,2003.862032203178,1938.8764422437791,64.9855899593988
2022,2022-11-24,Round of 16,Uruguay,Argentina,1,0,Argentina,821,1,1852.9983919076524,2003.862032203178,-150.86364029552556
2022,2022-11-24,Round of 16,Argentina,Brazil,1,1,Draw,822,0,2003.862032203178,1938.8764422437791,64.9855899593988
2022,2022-11-25,Group Stage,Mexico,Guatemala,2,2,Draw,823,0,1756.2627283121506,1555.1332504279294,201.12947788422116
2022,2022-11-25,Round of 16,Mexico,Guatemala,1,1,Draw,824,0,1756.2627283121506,1555.1332504279294,201.12947788422116
2022,2022-11-25,Round of 16,Mexico,Guatemala,2,0,Italy,825,1,1756.2627283121506,1555.1332504279294,201.12947788422116
2022,2022-11-26,Group Stage,Spain,Portugal,1,2,Sweden,826,-1,1963.976095422408,1872.8081545448338,91.16794087757421
2022,2022-11-26,Round of 16,France,Belgium,0,1,Cameroon,827,-1,1927.3108129585455,1877.1811590349487,50.129653923596834
2022,2022-11-26,Group Stage,Germany,Austria,1,1,Draw,828,0,1860.7993981970683,1771.1285598996242,89.6708382974441
2022,2022-11-26,Group Stage,Italy,Austria,3,2,Croatia,829,1,1852.784017934341,1771.1285598996242,81.65545803471673
2022,2022-11-26,Group Stage,Yugoslavia,Austria,1,0,Iran,830,1,1666.6978935516956,1771.1285598996242,-104.43066634792854
2022,2022-11-27,Group Stage,Wales,Scotland,2,0,Egypt,831,1,1687.5591280700464,1674.8924150215541,12.666713048492284
2022,2022-11-27,Group Stage,Scotland,Northern Ireland,3,3,Draw,832,0,1674.8924150215541,1539.345659524664,135.54675549689023
